year;gender;age_group;contributors_count;beneficiaries_count;new_registrations_count;source_id;source
2015;Feminino;20-29;22386;12017;5912;F014;Segurança Social
2015;Feminino;30-39;29896;21323;4266;F014;Segurança Social
2015;Feminino;40-49;23529;12703;2297;F014;Segurança Social
2015;Feminino;50-59;12504;4801;1580;F014;Segurança Social
2015;Feminino;60+;2994;2068;4063;F014;Segurança Social
2015;Feminino;<20;1187;318;3654;F014;Segurança Social
2015;Masculino;20-29;29610;4793;10031;F014;Segurança Social
2015;Masculino;30-39;36235;9895;7081;F014;Segurança Social
2015;Masculino;40-49;26962;8605;3581;F014;Segurança Social
2015;Masculino;50-59;13697;5087;1830;F014;Segurança Social
2015;Masculino;60+;3548;2281;4166;F014;Segurança Social
2015;Masculino;<20;1602;154;4219;F014;Segurança Social
2016;Feminino;20-29;23614;11114;6308;F014;Segurança Social
2016;Feminino;30-39;30335;19978;4390;F014;Segurança Social
2016;Feminino;40-49;23974;12143;2365;F014;Segurança Social
2016;Feminino;50-59;13100;4711;1477;F014;Segurança Social
2016;Feminino;60+;3352;2160;2173;F014;Segurança Social
2016;Feminino;<20;1339;310;3434;F014;Segurança Social
2016;Masculino;20-29;32968;4716;9566;F014;Segurança Social
2016;Masculino;30-39;38816;8690;6857;F014;Segurança Social
2016;Masculino;40-49;27972;7686;3489;F014;Segurança Social
2016;Masculino;50-59;14533;4392;1712;F014;Segurança Social
2016;Masculino;60+;4106;2257;2097;F014;Segurança Social
2016;Masculino;<20;1768;141;3896;F014;Segurança Social
2017;Feminino;20-29;27666;11061;9399;F014;Segurança Social
2017;Feminino;30-39;33984;19953;7419;F014;Segurança Social
2017;Feminino;40-49;26148;12312;3791;F014;Segurança Social
2017;Feminino;50-59;14523;4772;1847;F014;Segurança Social
2017;Feminino;60+;3854;2351;1717;F014;Segurança Social
2017;Feminino;<20;1670;337;4438;F014;Segurança Social
2017;Masculino;20-29;38817;4804;12632;F014;Segurança Social
2017;Masculino;30-39;43994;8686;9295;F014;Segurança Social
2017;Masculino;40-49;30898;7171;4870;F014;Segurança Social
2017;Masculino;50-59;16207;4018;2252;F014;Segurança Social
2017;Masculino;60+;4898;2286;2256;F014;Segurança Social
2017;Masculino;<20;2274;195;5179;F014;Segurança Social
2018;Feminino;20-29;35045;11597;15350;F014;Segurança Social
2018;Feminino;30-39;41458;21066;13143;F014;Segurança Social
2018;Feminino;40-49;30069;13013;6947;F014;Segurança Social
2018;Feminino;50-59;16418;5123;3226;F014;Segurança Social
2018;Feminino;60+;4438;2497;2267;F014;Segurança Social
2018;Feminino;<20;2106;365;7101;F014;Segurança Social
2018;Masculino;20-29;52130;5594;22692;F014;Segurança Social
2018;Masculino;30-39;56935;9842;17873;F014;Segurança Social
2018;Masculino;40-49;36925;7576;8700;F014;Segurança Social
2018;Masculino;50-59;18761;4000;3592;F014;Segurança Social
2018;Masculino;60+;5775;2431;2966;F014;Segurança Social
2018;Masculino;<20;3015;228;8511;F014;Segurança Social
2019;Feminino;20-29;46721;13327;21985;F014;Segurança Social
2019;Feminino;30-39;55402;24553;18813;F014;Segurança Social
2019;Feminino;40-49;38718;14765;9955;F014;Segurança Social
2019;Feminino;50-59;19940;5482;4404;F014;Segurança Social
2019;Feminino;60+;5476;2654;2698;F014;Segurança Social
2019;Feminino;<20;2756;484;10169;F014;Segurança Social
2019;Masculino;20-29;74691;7260;36131;F014;Segurança Social
2019;Masculino;30-39;79933;12602;28148;F014;Segurança Social
2019;Masculino;40-49;47868;8856;12796;F014;Segurança Social
2019;Masculino;50-59;22749;4105;4731;F014;Segurança Social
2019;Masculino;60+;7101;2449;3112;F014;Segurança Social
2019;Masculino;<20;3955;302;12048;F014;Segurança Social
2020;Feminino;20-29;48510;20178;17748;F014;Segurança Social
2020;Feminino;30-39;60334;34719;15402;F014;Segurança Social
2020;Feminino;40-49;41906;22276;8250;F014;Segurança Social
2020;Feminino;50-59;21259;8959;3786;F014;Segurança Social
2020;Feminino;60+;5944;3512;2530;F014;Segurança Social
2020;Feminino;<20;1801;539;10727;F014;Segurança Social
2020;Masculino;20-29;82953;16636;32109;F014;Segurança Social
2020;Masculino;30-39;93709;25096;27866;F014;Segurança Social
2020;Masculino;40-49;53941;15976;11806;F014;Segurança Social
2020;Masculino;50-59;24488;7300;4118;F014;Segurança Social
2020;Masculino;60+;7838;3354;2532;F014;Segurança Social
2020;Masculino;<20;2738;370;11859;F014;Segurança Social
2021;Feminino;20-29;51926;23323;14355;F014;Segurança Social
2021;Feminino;30-39;63855;39057;10931;F014;Segurança Social
2021;Feminino;40-49;44658;25030;5967;F014;Segurança Social
2021;Feminino;50-59;22499;10037;2984;F014;Segurança Social
2021;Feminino;60+;6597;3864;2486;F014;Segurança Social
2021;Feminino;<20;2224;622;9957;F014;Segurança Social
2021;Masculino;20-29;91115;20044;26559;F014;Segurança Social
2021;Masculino;30-39;107536;30531;22681;F014;Segurança Social
2021;Masculino;40-49;60492;18527;10175;F014;Segurança Social
2021;Masculino;50-59;26889;7970;3852;F014;Segurança Social
2021;Masculino;60+;8665;3537;2514;F014;Segurança Social
2021;Masculino;<20;3031;418;11203;F014;Segurança Social
2022;Feminino;20-29;76242;55114;59857;F014;Segurança Social
2022;Feminino;30-39;87316;73186;51697;F014;Segurança Social
2022;Feminino;40-49;59076;48545;27822;F014;Segurança Social
2022;Feminino;50-59;29160;21203;13731;F014;Segurança Social
2022;Feminino;60+;8336;10665;9935;F014;Segurança Social
2022;Feminino;<20;4366;3079;47051;F014;Segurança Social
2022;Masculino;20-29;139220;67325;100690;F014;Segurança Social
2022;Masculino;30-39;159812;78458;81158;F014;Segurança Social
2022;Masculino;40-49;85295;44029;35617;F014;Segurança Social
2022;Masculino;50-59;34181;17216;11655;F014;Segurança Social
2022;Masculino;60+;10461;8536;6212;F014;Segurança Social
2022;Masculino;<20;5734;3182;49948;F014;Segurança Social
2023;Feminino;20-29;98940;31956;53974;F014;Segurança Social
2023;Feminino;30-39;112228;56287;45135;F014;Segurança Social
2023;Feminino;40-49;74569;36643;24892;F014;Segurança Social
2023;Feminino;50-59;35685;14367;13020;F014;Segurança Social
2023;Feminino;60+;10315;7899;9869;F014;Segurança Social
2023;Feminino;<20;5439;924;39572;F014;Segurança Social
2023;Masculino;20-29;182550;24763;90922;F014;Segurança Social
2023;Masculino;30-39;212520;46324;78159;F014;Segurança Social
2023;Masculino;40-49;111490;29468;37311;F014;Segurança Social
2023;Masculino;50-59;41406;10979;12826;F014;Segurança Social
2023;Masculino;60+;12507;5581;7301;F014;Segurança Social
2023;Masculino;<20;6708;706;41205;F014;Segurança Social
2024;Feminino;20-29;110853;36644;30731;F014;Segurança Social
2024;Feminino;30-39;132030;63598;26073;F014;Segurança Social
2024;Feminino;40-49;86312;39877;14169;F014;Segurança Social
2024;Feminino;50-59;40933;14695;7521;F014;Segurança Social
2024;Feminino;60+;12235;6835;6882;F014;Segurança Social
2024;Feminino;<20;5088;1100;22016;F014;Segurança Social
2024;Masculino;20-29;202506;27829;51209;F014;Segurança Social
2024;Masculino;30-39;254236;52529;45675;F014;Segurança Social
2024;Masculino;40-49;135168;32765;23096;F014;Segurança Social
2024;Masculino;50-59;48291;11374;8335;F014;Segurança Social
2024;Masculino;60+;14280;5030;5617;F014;Segurança Social
2024;Masculino;<20;6242;812;23886;F014;Segurança Social
2025;Feminino;20-29;114580;40289;22342;F014;Segurança Social
2025;Feminino;30-39;145805;72180;17920;F014;Segurança Social
2025;Feminino;40-49;96199;45131;9637;F014;Segurança Social
2025;Feminino;50-59;45528;16204;4316;F014;Segurança Social
2025;Feminino;60+;14011;7291;3212;F014;Segurança Social
2025;Feminino;<20;4875;971;11676;F014;Segurança Social
2025;Masculino;20-29;196164;29331;28649;F014;Segurança Social
2025;Masculino;30-39;271690;57992;25496;F014;Segurança Social
2025;Masculino;40-49;150953;36513;14097;F014;Segurança Social
2025;Masculino;50-59;53848;12487;5069;F014;Segurança Social
2025;Masculino;60+;15907;5409;2885;F014;Segurança Social
2025;Masculino;<20;5981;821;12325;F014;Segurança Social
