year;district;employees_count;self_employed_count;employee_contribution_amount;self_employed_contribution_amount;remuneration_amount;employers_count;total_workers;total_contribution_amount;source_id;source
2010;Aveiro;267332;36282;876156905.4;50127178.44;2675314068.9;27614;303614;926284083.84;F014;Segurança Social
2010;Beja;47761;9222;130623936.55;14485852.2;407262630.16;6136;56983;145109788.75;F014;Segurança Social
2010;Braga;309613;38485;905680043.2;52439159.0;2778109151.64;36110;348098;958119202.2;F014;Segurança Social
2010;Bragança;30730;9219;80993288.86;13160610.66;257713811.11;5020;39949;94153899.52;F014;Segurança Social
2010;Castelo Branco;57082;10562;160983704.41;14550656.6;505982593.92;7040;67644;175534361.01;F014;Segurança Social
2010;Coimbra;138591;23580;474539453.08;31150909.85;1471588968.99;14775;162171;505690362.93;F014;Segurança Social
2010;Faro;178329;29728;523902525.26;41550063.95;1592142745.1;24340;208057;565452589.21;F014;Segurança Social
2010;Guarda;42825;10006;118077623.36;14307395.27;373585122.59;6059;52831;132385018.63;F014;Segurança Social
2010;Leiria;173146;25171;554498215.3;37920437.62;1701072628.49;22277;198317;592418652.92;F014;Segurança Social
2010;Lisboa;878511;111658;3902195859.28;128457176.85;11852499774.77;103940;990169;4030653036.13;F014;Segurança Social
2010;Outro;3391;612;13007384.5;732334.09;43710823.05;509;4003;13739718.59;F014;Segurança Social
2010;Portalegre;34876;6435;94638037.17;8772662.54;299112556.82;4618;41311;103410699.71;F014;Segurança Social
2010;Porto;660314;78174;2265124925.91;104775946.06;6921769079.28;74250;738488;2369900871.97;F014;Segurança Social
2010;Região Autónoma da Madeira;86274;11244;287053011.24;11473610.54;886492266.04;9442;97518;298526621.78;F014;Segurança Social
2010;Região Autónoma dos Açores;76012;19845;239802275.83;16405877.19;737773638.92;8060;95857;256208153.02;F014;Segurança Social
2010;Santarém;157604;21055;500015330.92;29407058.17;1532207303.52;18353;178659;529422389.09;F014;Segurança Social
2010;Setúbal;312151;37513;1206058438.36;45036194.85;3644470720.14;26827;349664;1251094633.21;F014;Segurança Social
2010;Viana do Castelo;71641;14556;203749355.77;20048629.37;631885204.96;10082;86197;223797985.14;F014;Segurança Social
2010;Vila Real;50892;12390;131715665.94;16209538.75;420322236.54;7789;63282;147925204.69;F014;Segurança Social
2010;Viseu;110204;21628;311067542.96;26479403.13;967111231.56;14249;131832;337546946.09;F014;Segurança Social
2010;Évora;55317;9548;162143422.32;12769170.43;512494165.08;7285;64865;174912592.75;F014;Segurança Social
2011;Aveiro;267601;34821;910241180.94;47379223.02;2779606362.92;27210;302422;957620403.96;F014;Segurança Social
2011;Beja;48507;8633;137999370.9;13593254.19;426495687.34;5980;57140;151592625.09;F014;Segurança Social
2011;Braga;309946;36667;937790557.12;50646791.02;2874020190.5;35940;346613;988437348.14;F014;Segurança Social
2011;Bragança;31220;8760;85919218.16;12320195.52;270884741.62;5061;39980;98239413.68;F014;Segurança Social
2011;Castelo Branco;57369;9972;168963886.46;13904621.73;527924365.07;6986;67341;182868508.19;F014;Segurança Social
2011;Coimbra;137955;22508;486969670.36;29902462.9;1508263557.05;14565;160463;516872133.26;F014;Segurança Social
2011;Faro;175149;28055;524110870.59;39784169.8;1598535641.44;23237;203204;563895040.39;F014;Segurança Social
2011;Guarda;42263;9327;120718550.66;13247640.65;378886279.46;6010;51590;133966191.31;F014;Segurança Social
2011;Leiria;171674;24004;566151386.12;35837991.25;1738906548.53;21951;195678;601989377.37;F014;Segurança Social
2011;Lisboa;875683;111454;4057961374.38;134891859.0;12413510430.03;103158;987137;4192853233.38;F014;Segurança Social
2011;Outro;3755;619;15416986.99;731995.34;48115111.62;493;4374;16148982.33;F014;Segurança Social
2011;Portalegre;34468;5985;97262369.94;8478526.3;304868444.35;4551;40453;105740896.24;F014;Segurança Social
2011;Porto;657148;75884;2349533397.53;100432336.16;7202425048.9;73907;733032;2449965733.69;F014;Segurança Social
2011;Região Autónoma da Madeira;83745;10778;288987017.25;9902816.79;886161489.44;9206;94523;298889834.04;F014;Segurança Social
2011;Região Autónoma dos Açores;75152;19287;250311455.64;17109701.48;767389468.88;7767;94439;267421157.12;F014;Segurança Social
2011;Santarém;155681;20261;508984426.86;28023809.51;1558683452.52;17945;175942;537008236.37;F014;Segurança Social
2011;Setúbal;310358;36986;1252232211.26;46389748.16;3795015395.05;26161;347344;1298621959.42;F014;Segurança Social
2011;Viana do Castelo;71374;14186;209278692.6;19439191.68;648224320.61;9996;85560;228717884.28;F014;Segurança Social
2011;Vila Real;50214;11535;136592231.59;15127934.25;431645809.65;7592;61749;151720165.84;F014;Segurança Social
2011;Viseu;109411;20096;320310540.07;24686146.88;991473974.4;14039;129507;344996686.95;F014;Segurança Social
2011;Évora;55200;8810;168318956.27;12089299.78;527874096.58;7196;64010;180408256.05;F014;Segurança Social
2012;Aveiro;256934;31679;877540858.16;43767834.87;2666327316.66;26921;288613;921308693.03;F014;Segurança Social
2012;Beja;46288;7896;132785818.26;11944094.72;407649480.92;5841;54184;144729912.98;F014;Segurança Social
2012;Braga;297771;33891;899282482.95;46114941.94;2744457601.49;35025;331662;945397424.89;F014;Segurança Social
2012;Bragança;29952;8217;81266775.77;10926520.25;254396603.04;4957;38169;92193296.02;F014;Segurança Social
2012;Castelo Branco;55109;9127;161269680.46;12813222.4;499466377.2;6836;64236;174082902.86;F014;Segurança Social
2012;Coimbra;131412;20702;457709654.62;27588689.03;1409724377.86;14255;152114;485298343.65;F014;Segurança Social
2012;Faro;163235;24814;480357520.15;35744973.52;1462690007.14;22616;188049;516102493.67;F014;Segurança Social
2012;Guarda;40444;8568;115634192.94;11900747.19;359556419.42;5871;49012;127534940.13;F014;Segurança Social
2012;Leiria;162934;21611;538773157.32;32974745.74;1647526523.15;21117;184545;571747903.06;F014;Segurança Social
2012;Lisboa;825010;100054;3823863599.06;126498857.84;11670000295.82;99877;925064;3950362456.9;F014;Segurança Social
2012;Outro;4051;639;17165916.35;785991.11;52964414.93;515;4690;17951907.46;F014;Segurança Social
2012;Portalegre;32691;5340;92637799.6;7630401.27;287447889.6;4375;38031;100268200.87;F014;Segurança Social
2012;Porto;624176;69259;2224646552.78;93046686.46;6795901208.47;71840;693435;2317693239.24;F014;Segurança Social
2012;Região Autónoma da Madeira;77945;9894;261766629.8;9377489.0;801435561.75;9371;87839;271144118.8;F014;Segurança Social
2012;Região Autónoma dos Açores;71812;17695;233427589.5;15808931.32;714544881.66;7780;89507;249236520.82;F014;Segurança Social
2012;Santarém;146951;18378;473697466.7;26031433.68;1443828655.14;17056;165329;499728900.38;F014;Segurança Social
2012;Setúbal;291360;32630;1172139639.39;42605984.2;3542636947.26;25203;323990;1214745623.59;F014;Segurança Social
2012;Viana do Castelo;68685;13101;200928147.0;17606718.16;617942336.62;9868;81786;218534865.16;F014;Segurança Social
2012;Vila Real;47597;10685;128184321.0;13574658.9;401527596.59;7372;58282;141758979.9;F014;Segurança Social
2012;Viseu;104221;18487;302346879.56;22590120.98;930530339.83;13622;122708;324937000.54;F014;Segurança Social
2012;Évora;52596;8195;158445211.77;11009182.91;491879866.08;6909;60791;169454394.68;F014;Segurança Social
2013;Aveiro;251193;29917;884780868.04;39764035.34;2637147913.51;26454;281110;924544903.38;F014;Segurança Social
2013;Beja;46072;7480;135606797.86;11138073.9;408760759.14;5875;53552;146744871.76;F014;Segurança Social
2013;Braga;292075;32393;911566697.32;43001878.49;2726915567.05;34762;324468;954568575.81;F014;Segurança Social
2013;Bragança;29193;8675;81926467.96;11006692.84;250424999.24;4840;37868;92933160.8;F014;Segurança Social
2013;Castelo Branco;53269;8521;161072424.84;11716736.26;487547017.92;6767;61790;172789161.1;F014;Segurança Social
2013;Coimbra;127405;19484;459274160.83;25043339.1;1385843526.08;13982;146889;484317499.93;F014;Segurança Social
2013;Faro;158742;23010;479248687.77;32457877.94;1429618304.3;22028;181752;511706565.71;F014;Segurança Social
2013;Guarda;39764;8321;116872774.42;11467875.56;354178903.29;5820;48085;128340649.98;F014;Segurança Social
2013;Leiria;158035;19971;539727513.69;29053054.43;1613385514.03;20642;178006;568780568.12;F014;Segurança Social
2013;Lisboa;794833;92281;3802460143.95;111632495.5;11405897200.92;96928;887114;3914092639.45;F014;Segurança Social
2013;Outro;4949;734;23630825.72;974967.61;70658504.74;524;5683;24605793.33;F014;Segurança Social
2013;Portalegre;32632;4965;94230353.52;7070373.78;285466890.75;4317;37597;101300727.3;F014;Segurança Social
2013;Porto;606393;64828;2224954594.68;84945267.91;6662765008.62;70474;671221;2309899862.59;F014;Segurança Social
2013;Região Autónoma da Madeira;74074;9340;256871015.36;8521641.29;774228852.43;8960;83414;265392656.65;F014;Segurança Social
2013;Região Autónoma dos Açores;70068;16667;239562420.71;14697445.05;721614050.5;7730;86735;254259865.76;F014;Segurança Social
2013;Santarém;141491;16893;470265536.21;23030440.27;1406452484.74;16395;158384;493295976.48;F014;Segurança Social
2013;Setúbal;278628;30105;1158617341.51;37726480.26;3454177126.98;24173;308733;1196343821.77;F014;Segurança Social
2013;Viana do Castelo;67655;12947;204320658.61;16448094.63;613977900.77;9740;80602;220768753.24;F014;Segurança Social
2013;Vila Real;45726;11427;129057943.74;13319235.17;393788355.75;7154;57153;142377178.91;F014;Segurança Social
2013;Viseu;101381;18105;304477275.77;21372088.14;916500724.03;13302;119486;325849363.91;F014;Segurança Social
2013;Évora;51300;7772;159806185.87;10357633.47;483742689.7;6864;59072;170163819.34;F014;Segurança Social
2014;Aveiro;255852;28669;911367186.48;36961739.34;2707037190.14;26258;284521;948328925.82;F014;Segurança Social
2014;Beja;47284;7114;141509593.67;10007128.09;423808148.57;5845;54398;151516721.76;F014;Segurança Social
2014;Braga;300267;31318;951181769.05;39440327.81;2838896432.13;34837;331585;990622096.86;F014;Segurança Social
2014;Bragança;29430;8350;83787331.64;9935735.11;253900198.44;4889;37780;93723066.75;F014;Segurança Social
2014;Castelo Branco;53300;7985;163582645.7;10504698.73;491880718.7;6664;61285;174087344.43;F014;Segurança Social
2014;Coimbra;128827;18483;469778690.9;22773581.88;1410242954.73;13908;147310;492552272.78;F014;Segurança Social
2014;Faro;163834;22624;496228460.6;30083343.1;1472528415.06;22134;186458;526311803.7;F014;Segurança Social
2014;Guarda;39971;7876;119016087.48;10216498.47;358055252.11;5842;47847;129232585.95;F014;Segurança Social
2014;Leiria;160686;19001;554917982.52;26812107.9;1653763157.69;20443;179687;581730090.42;F014;Segurança Social
2014;Lisboa;806657;89508;3895170942.62;104446123.95;11642733383.64;96777;896165;3999617066.57;F014;Segurança Social
2014;Outro;8101;1088;43813614.29;1631043.37;129771105.67;544;9189;45444657.66;F014;Segurança Social
2014;Portalegre;33351;4789;98135345.99;6384434.34;294506465.38;4324;38140;104519780.33;F014;Segurança Social
2014;Porto;618843;61860;2298034192.4;78144586.8;6854885416.68;70509;680703;2376178779.2;F014;Segurança Social
2014;Região Autónoma da Madeira;74708;9027;258428447.25;7957725.04;772668243.11;8803;83735;266386172.29;F014;Segurança Social
2014;Região Autónoma dos Açores;71710;15968;245198135.05;13663104.81;736194760.56;7825;87678;258861239.86;F014;Segurança Social
2014;Santarém;143015;15772;479874575.91;20932833.41;1429177788.63;16232;158787;500807409.32;F014;Segurança Social
2014;Setúbal;282371;29011;1171612104.11;34720923.24;3481047214.82;24001;311382;1206333027.35;F014;Segurança Social
2014;Viana do Castelo;69068;12547;210921375.4;15080769.82;630228602.51;9554;81615;226002145.22;F014;Segurança Social
2014;Vila Real;45823;10996;131120985.85;12061113.07;396665497.84;7062;56819;143182098.92;F014;Segurança Social
2014;Viseu;101902;16897;309048014.14;19405549.18;925961720.06;13177;118799;328453563.32;F014;Segurança Social
2014;Évora;52133;7494;164738373.27;9504933.19;494119639.47;6908;59627;174243306.46;F014;Segurança Social
2015;Aveiro;262825;27953;951516587.17;32009780.01;2824962005.23;26741;290778;983526367.18;F014;Segurança Social
2015;Beja;48728;6968;147749470.25;8464714.65;441481461.76;5959;55696;156214184.9;F014;Segurança Social
2015;Braga;310256;30871;1000217440.68;33802556.46;2993361447.16;35568;341127;1034019997.14;F014;Segurança Social
2015;Bragança;30170;7941;86893540.21;8029731.79;262791144.72;4989;38111;94923272.0;F014;Segurança Social
2015;Castelo Branco;54419;7767;169667717.94;8827854.39;508970536.96;6773;62186;178495572.33;F014;Segurança Social
2015;Coimbra;132802;17894;487228479.13;19365404.44;1460893392.42;14152;150696;506593883.57;F014;Segurança Social
2015;Faro;171072;22635;525184812.21;26078687.08;1556101522.94;22688;193707;551263499.29;F014;Segurança Social
2015;Guarda;40624;7570;122888710.84;8518752.99;368845553.48;5823;48194;131407463.83;F014;Segurança Social
2015;Leiria;166032;18639;580836596.18;23289336.53;1729698542.64;20870;184671;604125932.71;F014;Segurança Social
2015;Lisboa;837556;89628;4011404185.62;94260946.91;11963048163.37;99493;927184;4105665132.53;F014;Segurança Social
2015;Outro;10548;1468;59793398.03;2415232.45;177025057.63;591;12016;62208630.48;F014;Segurança Social
2015;Portalegre;33900;4702;101223046.19;5465169.67;302994769.32;4397;38602;106688215.86;F014;Segurança Social
2015;Porto;642524;60541;2402280003.93;67217447.53;7163159469.66;72278;703065;2469497451.46;F014;Segurança Social
2015;Região Autónoma da Madeira;75679;8980;263489135.12;7180273.74;781987485.76;8999;84659;270669408.86;F014;Segurança Social
2015;Região Autónoma dos Açores;74989;15673;257988920.39;12333294.07;773625164.28;8017;90662;270322214.46;F014;Segurança Social
2015;Santarém;146469;15286;497082832.5;17979589.7;1478737282.92;16295;161755;515062422.2;F014;Segurança Social
2015;Setúbal;290310;28470;1204534804.7;30104517.96;3573918518.78;24506;318780;1234639322.66;F014;Segurança Social
2015;Viana do Castelo;70743;12307;218480068.17;12983914.35;652369891.47;9655;83050;231463982.52;F014;Segurança Social
2015;Vila Real;46940;10619;137215736.06;10030624.6;413947491.96;7219;57559;147246360.66;F014;Segurança Social
2015;Viseu;104400;16240;321197248.81;16611468.63;961503804.42;13362;120640;337808717.44;F014;Segurança Social
2015;Évora;53292;7298;170654466.56;8049758.37;510110749.04;7009;60590;178704224.93;F014;Segurança Social
2016;Aveiro;269825;27069;1002418007.96;31497792.29;2977198033.08;26802;296894;1033915800.25;F014;Segurança Social
2016;Beja;49924;6692;154039834.36;8166560.69;460718836.46;6098;56616;162206395.05;F014;Segurança Social
2016;Braga;321036;30214;1067350881.68;33894894.34;3200053180.93;35692;351250;1101245776.02;F014;Segurança Social
2016;Bragança;30498;7320;91304796.71;7751635.74;275911425.72;4953;37818;99056432.45;F014;Segurança Social
2016;Castelo Branco;55155;7236;176319782.15;8641778.31;528204171.74;6763;62391;184961560.46;F014;Segurança Social
2016;Coimbra;135636;17329;508332508.22;18998083.84;1523653928.06;14155;152965;527330592.06;F014;Segurança Social
2016;Faro;178137;22639;565287788.6;26995590.24;1673582333.45;23116;200776;592283378.84;F014;Segurança Social
2016;Guarda;41237;7163;129003950.88;8227410.85;387598942.65;5714;48400;137231361.73;F014;Segurança Social
2016;Leiria;170016;18056;612381675.39;22898309.0;1824341625.74;21028;188072;635279984.39;F014;Segurança Social
2016;Lisboa;866685;91314;4188921514.03;96050608.61;12481186810.12;101374;957999;4284972122.64;F014;Segurança Social
2016;Outro;12429;1584;66289690.14;2888576.61;195344038.18;638;14013;69178266.75;F014;Segurança Social
2016;Portalegre;34250;4531;105696358.97;5320073.48;316473161.05;4402;38781;111016432.45;F014;Segurança Social
2016;Porto;663007;59507;2527429873.46;67025978.87;7539313721.49;72773;722514;2594455852.33;F014;Segurança Social
2016;Região Autónoma da Madeira;77978;8743;275948541.84;7269126.66;817552481.8;9059;86721;283217668.5;F014;Segurança Social
2016;Região Autónoma dos Açores;77757;15285;270878265.18;12178471.37;809980672.99;8151;93042;283056736.55;F014;Segurança Social
2016;Santarém;149153;14904;515771092.3;17591540.87;1535239092.66;16335;164057;533362633.17;F014;Segurança Social
2016;Setúbal;298601;28533;1251536676.64;30290625.5;3712015447.0;24752;327134;1281827302.14;F014;Segurança Social
2016;Viana do Castelo;72964;11800;231090227.94;12833538.79;689578654.89;9706;84764;243923766.73;F014;Segurança Social
2016;Vila Real;47536;9910;143207388.64;9951215.44;431768868.16;7214;57446;153158604.08;F014;Segurança Social
2016;Viseu;106349;15394;337039408.28;16161501.72;1009617524.97;13306;121743;353200910.0;F014;Segurança Social
2016;Évora;53928;7088;177972895.23;7887766.23;531846777.33;6973;61016;185860661.46;F014;Segurança Social
2017;Aveiro;279522;27381;1073396603.35;32342132.88;3180799662.13;27069;306903;1105738736.23;F014;Segurança Social
2017;Beja;52832;6737;169184932.74;8311862.63;503801555.96;6205;59569;177496795.37;F014;Segurança Social
2017;Braga;334304;30807;1159959211.18;35240372.77;3462144032.98;36393;365111;1195199583.95;F014;Segurança Social
2017;Bragança;31369;7335;98079444.75;7500914.59;294854748.29;4950;38704;105580359.34;F014;Segurança Social
2017;Castelo Branco;56631;7264;187587243.24;8624980.93;559669658.41;6771;63895;196212224.17;F014;Segurança Social
2017;Coimbra;139982;17542;539232695.6;19485884.97;1612541262.97;14319;157524;558718580.57;F014;Segurança Social
2017;Faro;189666;23746;620212417.13;29124003.15;1831589231.68;23867;213412;649336420.28;F014;Segurança Social
2017;Guarda;42390;7091;137300455.95;8077013.92;411353890.01;5732;49481;145377469.87;F014;Segurança Social
2017;Leiria;176424;18245;655079227.16;23548740.89;1946733171.27;21308;194669;678627968.05;F014;Segurança Social
2017;Lisboa;905942;95120;4437188070.15;101208824.51;13186795009.65;104501;1001062;4538396894.66;F014;Segurança Social
2017;Outro;14772;1649;71656215.17;3124446.13;210572116.69;720;16421;74780661.3;F014;Segurança Social
2017;Portalegre;35179;4532;112260182.88;5365600.65;334794560.32;4369;39711;117625783.53;F014;Segurança Social
2017;Porto;689434;60873;2705700739.52;69322874.64;8049335828.5;74501;750307;2775023614.16;F014;Segurança Social
2017;Região Autónoma da Madeira;81629;9065;295962509.52;7637808.96;874609423.08;9298;90694;303600318.48;F014;Segurança Social
2017;Região Autónoma dos Açores;80352;15307;287618901.42;12567205.22;856017666.4;8291;95659;300186106.64;F014;Segurança Social
2017;Santarém;153091;14951;545720138.87;18000017.1;1620823588.76;16332;168042;563720155.97;F014;Segurança Social
2017;Setúbal;313453;29508;1336898857.63;31594183.35;3955685308.7;25437;342961;1368493040.98;F014;Segurança Social
2017;Viana do Castelo;76288;11935;251597973.65;13024216.82;747541406.33;9788;88223;264622190.47;F014;Segurança Social
2017;Vila Real;49297;9995;154556365.67;9933230.16;464035983.94;7217;59292;164489595.83;F014;Segurança Social
2017;Viseu;110309;15320;360955580.64;16282509.31;1079585498.0;13426;125629;377238089.95;F014;Segurança Social
2017;Évora;55402;7012;190208112.51;7975784.82;566176482.62;7000;62414;198183897.33;F014;Segurança Social
2018;Aveiro;290226;26092;1151574397.94;32619431.84;3402954994.13;27379;316318;1184193829.78;F014;Segurança Social
2018;Beja;57463;6395;186008367.55;8459872.51;552108885.62;6270;63858;194468240.06;F014;Segurança Social
2018;Braga;347058;29458;1258230773.36;36305532.41;3732573723.68;37039;376516;1294536305.77;F014;Segurança Social
2018;Bragança;32440;6881;104501220.62;7624227.89;312650267.08;4948;39321;112125448.51;F014;Segurança Social
2018;Castelo Branco;58314;6779;200891757.58;8642425.22;596648924.36;6742;65093;209534182.8;F014;Segurança Social
2018;Coimbra;144936;16668;576308729.8;19598187.87;1722081544.04;14425;161604;595906917.67;F014;Segurança Social
2018;Faro;202678;22856;685963643.37;30704630.45;2019723586.98;25005;225534;716668273.82;F014;Segurança Social
2018;Guarda;43170;6581;145386646.49;8017920.4;434658324.97;5691;49751;153404566.89;F014;Segurança Social
2018;Leiria;182219;17472;702515732.5;23649379.41;2080520440.24;21541;199691;726165111.91;F014;Segurança Social
2018;Lisboa;955601;91478;4776682520.33;104185753.23;14144233148.43;109194;1047079;4880868273.56;F014;Segurança Social
2018;Outro;16977;1755;76836100.5;3524371.93;225603010.18;820;18732;80360472.43;F014;Segurança Social
2018;Portalegre;35897;4267;119457163.8;5388618.84;354960328.46;4395;40164;124845782.64;F014;Segurança Social
2018;Porto;717692;58065;2920500603.49;70485591.45;8652761339.64;76380;775757;2990986194.94;F014;Segurança Social
2018;Região Autónoma da Madeira;84808;8610;320930253.23;7883188.65;947083641.84;9605;93418;328813441.88;F014;Segurança Social
2018;Região Autónoma dos Açores;83161;14744;307983723.76;12799496.58;914417223.13;8418;97905;320783220.34;F014;Segurança Social
2018;Santarém;157536;14247;581848850.39;18141890.59;1722063916.68;16364;171783;599990740.98;F014;Segurança Social
2018;Setúbal;330763;28034;1457068344.47;32391699.63;4297709944.44;26718;358797;1489460044.1;F014;Segurança Social
2018;Viana do Castelo;79070;11371;271388069.36;13295289.61;802978661.9;9785;90441;284683358.97;F014;Segurança Social
2018;Vila Real;51069;9418;167445908.78;10111543.39;499952511.14;7373;60487;177557452.17;F014;Segurança Social
2018;Viseu;113984;14448;388262074.69;16274200.17;1160463262.12;13467;128432;404536274.86;F014;Segurança Social
2018;Évora;56946;6537;204129819.35;7840470.96;605551869.81;6995;63483;211970290.31;F014;Segurança Social
2019;Aveiro;298046;35102;1229366811.62;36187124.1;3621060539.77;27784;333148;1265553935.72;F014;Segurança Social
2019;Beja;63667;8299;207353137.76;9167192.58;614223248.13;6510;71966;216520330.34;F014;Segurança Social
2019;Braga;357571;40168;1362684167.91;40975418.33;4018421536.06;37963;397739;1403659586.24;F014;Segurança Social
2019;Bragança;33609;9404;113464458.15;7595064.89;337741668.5;4951;43013;121059523.04;F014;Segurança Social
2019;Castelo Branco;59861;8820;216361458.46;9022105.04;640003324.17;6802;68681;225383563.5;F014;Segurança Social
2019;Coimbra;149479;22068;624414480.5;22013882.97;1850498829.81;14821;171547;646428363.47;F014;Segurança Social
2019;Faro;214894;32832;753461843.74;37567562.05;2213997450.38;26127;247726;791029405.79;F014;Segurança Social
2019;Guarda;43943;8285;155310477.23;7755205.43;460256305.31;5697;52228;163065682.66;F014;Segurança Social
2019;Leiria;188434;23385;754698288.49;26199126.37;2226494448.8;22007;211819;780897414.86;F014;Segurança Social
2019;Lisboa;1005773;133597;5174780645.29;122918299.33;15283385318.39;114782;1139370;5297698944.62;F014;Segurança Social
2019;Outro;16943;2479;79717953.23;3964849.36;234586549.53;942;19422;83682802.59;F014;Segurança Social
2019;Portalegre;36680;5475;127756619.01;6020052.82;378401154.04;4405;42155;133776671.83;F014;Segurança Social
2019;Porto;742528;82944;3151686453.59;82607148.48;9304987894.46;79007;825472;3234293602.07;F014;Segurança Social
2019;Região Autónoma da Madeira;88014;11922;348760493.15;9161993.05;1027981311.14;9835;99936;357922486.2;F014;Segurança Social
2019;Região Autónoma dos Açores;85854;17621;333123269.31;14770380.98;987509215.42;8573;103475;347893650.29;F014;Segurança Social
2019;Santarém;162760;19291;626782558.34;20222258.78;1849324356.48;16594;182051;647004817.12;F014;Segurança Social
2019;Setúbal;348538;41919;1589208657.07;38849744.17;4677623843.75;28335;390457;1628058401.24;F014;Segurança Social
2019;Viana do Castelo;82178;15020;293633682.37;14027749.64;865476669.95;9957;97198;307661432.01;F014;Segurança Social
2019;Vila Real;52650;13086;180459080.94;10250078.07;536114335.46;7513;65736;190709159.01;F014;Segurança Social
2019;Viseu;118044;18933;424489477.01;17318581.24;1255223262.45;13653;136977;441808058.25;F014;Segurança Social
2019;Évora;58875;8532;220388093.0;8813080.58;651923903.7;7075;67407;229201173.58;F014;Segurança Social
2020;Aveiro;296531;34433;1218851765.02;33246251.9;3684447683.55;27587;330964;1252098016.92;F014;Segurança Social
2020;Beja;64978;8091;214562996.11;8715338.61;643831804.42;6597;73069;223278334.72;F014;Segurança Social
2020;Braga;356228;40268;1363975934.79;37991654.31;4141542181.84;37818;396496;1401967589.1;F014;Segurança Social
2020;Bragança;33446;9022;116918377.79;7043549.42;353931114.05;4854;42468;123961927.21;F014;Segurança Social
2020;Castelo Branco;59441;8544;218530552.46;8265769.63;661811527.0;6763;67985;226796322.09;F014;Segurança Social
2020;Coimbra;148619;21574;632516984.74;20411619.8;1912670895.43;14830;170193;652928604.54;F014;Segurança Social
2020;Faro;204948;32930;698009159.3;33016100.04;2139893457.97;25832;237878;731025259.34;F014;Segurança Social
2020;Guarda;43675;7803;157913819.3;7140369.4;476791913.04;5568;51478;165054188.7;F014;Segurança Social
2020;Leiria;188231;23374;759969674.73;24421864.87;2293416410.32;21871;211605;784391539.6;F014;Segurança Social
2020;Lisboa;999719;138958;5144856866.71;115156327.23;15567394307.07;115669;1138677;5260013193.94;F014;Segurança Social
2020;Outro;15808;2367;74016691.08;3817398.85;223858343.83;1008;18175;77834089.93;F014;Segurança Social
2020;Portalegre;36222;5231;130033832.59;5567257.83;390489369.87;4365;41453;135601090.42;F014;Segurança Social
2020;Porto;737094;83305;3134558683.75;75451935.32;9512385817.61;78722;820399;3210010619.07;F014;Segurança Social
2020;Região Autónoma da Madeira;86272;11692;336236708.55;8232881.48;1033204338.9;9849;97964;344469590.03;F014;Segurança Social
2020;Região Autónoma dos Açores;85141;17288;341053487.03;13811795.6;1033394084.2;8493;102429;354865282.63;F014;Segurança Social
2020;Santarém;162275;18912;636132437.4;18758909.4;1909968331.59;16444;181187;654891346.8;F014;Segurança Social
2020;Setúbal;349894;44439;1587148402.43;36772530.74;4793554223.45;28629;394333;1623920933.17;F014;Segurança Social
2020;Viana do Castelo;81800;14526;294699779.86;12765517.88;891018460.09;9824;96326;307465297.74;F014;Segurança Social
2020;Vila Real;52603;12535;185131166.93;9504150.77;560719448.01;7398;65138;194635317.7;F014;Segurança Social
2020;Viseu;117455;18271;431232184.44;16113695.72;1304477032.17;13483;135726;447345880.16;F014;Segurança Social
2020;Évora;58020;8059;220846040.51;8062038.11;667380317.7;7029;66079;228908078.62;F014;Segurança Social
2021;Aveiro;303316;34731;1347850791.47;35498646.81;3987590766.3;27824;338047;1383349438.28;F014;Segurança Social
2021;Beja;69303;7935;237798863.39;8746338.68;706696920.04;6789;77238;246545202.07;F014;Segurança Social
2021;Braga;364863;40842;1532834291.46;40252766.58;4531874575.05;38476;405705;1573087058.04;F014;Segurança Social
2021;Bragança;34728;9009;128612697.14;7244588.99;383271942.5;4972;43737;135857286.13;F014;Segurança Social
2021;Castelo Branco;61280;8446;239499767.16;8628828.83;710430516.77;6858;69726;248128595.99;F014;Segurança Social
2021;Coimbra;152843;21657;691606087.14;21264939.13;2055585357.49;14961;174500;712871026.27;F014;Segurança Social
2021;Faro;212653;33905;775626992.22;35529975.56;2309824697.74;26029;246558;811156967.78;F014;Segurança Social
2021;Guarda;44381;7692;171668992.61;7132092.04;509853141.78;5616;52073;178801084.65;F014;Segurança Social
2021;Leiria;194357;23963;836011788.64;25851536.52;2477591882.29;22150;218320;861863325.16;F014;Segurança Social
2021;Lisboa;1017470;141992;5533596416.85;124694244.67;16423679826.4;116576;1159462;5658290661.52;F014;Segurança Social
2021;Outro;16294;2550;76494085.34;3988201.95;232813652.42;1187;18844;80482287.29;F014;Segurança Social
2021;Portalegre;37062;5140;140504602.2;5675885.55;417868555.47;4392;42202;146180487.75;F014;Segurança Social
2021;Porto;750502;84811;3451669040.18;81356626.03;10242082034.62;79226;835313;3533025666.21;F014;Segurança Social
2021;Região Autónoma da Madeira;90238;11698;381661286.81;8712581.21;1124485384.67;10015;101936;390373868.02;F014;Segurança Social
2021;Região Autónoma dos Açores;89948;17041;380001979.16;14448694.8;1125122787.37;8638;106989;394450673.96;F014;Segurança Social
2021;Santarém;167306;19065;693824452.81;19604716.02;2054099237.59;16664;186371;713429168.83;F014;Segurança Social
2021;Setúbal;359734;46197;1737183700.48;39890833.44;5140554026.46;29166;405931;1777074533.92;F014;Segurança Social
2021;Viana do Castelo;83605;14454;326913439.41;13197192.24;967994537.04;9912;98059;340110631.65;F014;Segurança Social
2021;Vila Real;54161;12294;204198116.71;9534325.35;608644774.98;7421;66455;213732442.06;F014;Segurança Social
2021;Viseu;120691;18048;473338840.58;16390323.44;1403972195.18;13707;138739;489729164.02;F014;Segurança Social
2021;Évora;59747;7984;242361456.47;8142447.14;719202424.4;7075;67731;250503903.61;F014;Segurança Social
2022;Aveiro;318483;35690;1493275319.3;39419937.51;4386239882.84;28580;354173;1532695256.81;F014;Segurança Social
2022;Beja;85141;8169;272211679.36;9723714.44;803595350.56;7083;93310;281935393.8;F014;Segurança Social
2022;Braga;385018;41824;1714136469.45;45706108.84;5034168479.83;39916;426842;1759842578.29;F014;Segurança Social
2022;Bragança;36406;9079;142237892.37;8057328.81;420042212.97;5222;45485;150295221.18;F014;Segurança Social
2022;Castelo Branco;65194;8678;268720319.62;9443334.78;790179494.59;7103;73872;278163654.4;F014;Segurança Social
2022;Coimbra;161390;21915;767879740.22;22987734.58;2260690631.94;15392;183305;790867474.8;F014;Segurança Social
2022;Faro;238783;35643;929312970.32;41846409.29;2718892694.43;27417;274426;971159379.61;F014;Segurança Social
2022;Guarda;45874;7704;188074567.5;7890371.07;553675765.75;5769;53578;195964938.57;F014;Segurança Social
2022;Leiria;207362;24719;935530764.3;28515024.14;2747870260.53;22863;232081;964045788.44;F014;Segurança Social
2022;Lisboa;1105428;146428;6208277982.39;139579642.19;18247594799.65;122685;1251856;6347857624.58;F014;Segurança Social
2022;Outro;16880;2730;83463624.62;4378687.79;255848824.2;1432;19610;87842312.41;F014;Segurança Social
2022;Portalegre;38887;5151;155760961.24;6159021.53;459422779.41;4539;44038;161919982.77;F014;Segurança Social
2022;Porto;795308;87758;3881775806.42;92098791.9;11411802776.86;82070;883066;3973874598.32;F014;Segurança Social
2022;Região Autónoma da Madeira;97317;11890;434905171.93;9646834.16;1277432423.57;10553;109207;444552006.09;F014;Segurança Social
2022;Região Autónoma dos Açores;94738;16927;419021908.18;15228836.73;1239101920.25;8901;111665;434250744.91;F014;Segurança Social
2022;Santarém;177668;19538;772901856.01;21343555.46;2270467036.06;17112;197206;794245411.47;F014;Segurança Social
2022;Setúbal;389278;47534;1959730714.42;44603365.27;5745634173.68;30946;436812;2004334079.69;F014;Segurança Social
2022;Viana do Castelo;89661;14915;367234593.23;14662089.75;1077075013.63;10218;104576;381896682.98;F014;Segurança Social
2022;Vila Real;56852;12304;227371704.94;10369194.97;670195332.54;7656;69156;237740899.91;F014;Segurança Social
2022;Viseu;127852;18381;529449388.52;17858381.39;1558653415.03;14051;146233;547307769.91;F014;Segurança Social
2022;Évora;63004;7922;270220681.67;8830423.42;795018204.09;7243;70926;279051105.09;F014;Segurança Social
2023;Aveiro;328254;37982;1654808971.53;42555010.69;4862517331.09;28864;366236;1697363982.22;F014;Segurança Social
2023;Beja;94581;8387;320010269.75;10035596.74;944568329.2;7428;102968;330045866.49;F014;Segurança Social
2023;Braga;396465;44879;1911211067.09;49431436.79;5615648115.49;40961;441344;1960642503.88;F014;Segurança Social
2023;Bragança;37805;9065;159539018.53;8053982.86;471312970.22;5255;46870;167593001.39;F014;Segurança Social
2023;Castelo Branco;68632;9170;305924460.4;9961725.97;899464371.32;7176;77802;315886186.37;F014;Segurança Social
2023;Coimbra;167921;23579;860323864.46;25136901.29;2531908135.12;15868;191500;885460765.75;F014;Segurança Social
2023;Faro;249712;39010;1066362251.06;46790293.11;3117687777.23;28546;288722;1113152544.17;F014;Segurança Social
2023;Guarda;47456;7806;208182161.19;8308423.34;614366948.72;5836;55262;216490584.53;F014;Segurança Social
2023;Leiria;218557;26622;1048314294.58;31240816.53;3078902482.48;23298;245179;1079555111.11;F014;Segurança Social
2023;Lisboa;1156667;162789;6986125494.01;154703647.12;20515566516.62;128464;1319456;7140829141.13;F014;Segurança Social
2023;Outro;22602;2999;105277519.07;5036507.25;321189553.74;1597;25601;110314026.32;F014;Segurança Social
2023;Portalegre;40738;5265;173390892.78;6334533.1;511306074.88;4632;46003;179725425.88;F014;Segurança Social
2023;Porto;825565;95760;4349597017.8;101227004.42;12783266036.27;84755;921325;4450824022.22;F014;Segurança Social
2023;Região Autónoma da Madeira;102932;12269;497588176.19;10894888.41;1460526574.98;10992;115201;508483064.6;F014;Segurança Social
2023;Região Autónoma dos Açores;98185;17372;473111748.84;16940801.86;1400079540.28;9131;115557;490052550.7;F014;Segurança Social
2023;Santarém;187532;20743;872887918.49;23002526.19;2563455690.38;17483;208275;895890444.68;F014;Segurança Social
2023;Setúbal;412510;52908;2231123869.03;48197542.1;6536316808.75;32533;465418;2279321411.13;F014;Segurança Social
2023;Viana do Castelo;93950;15658;414337796.64;15833073.94;1215285009.81;10413;109608;430170870.58;F014;Segurança Social
2023;Vila Real;59483;12525;255231543.32;10640809.11;752561561.08;7785;72008;265872352.43;F014;Segurança Social
2023;Viseu;133605;19039;595562751.7;19180296.66;1755425245.23;14312;152644;614743048.36;F014;Segurança Social
2023;Évora;66584;8279;305116542.9;9294770.89;897185386.16;7359;74863;314411313.79;F014;Segurança Social
2024;Aveiro;331921;39581;1797750618.17;45224315.2;5287200482.64;29352;371502;1842974933.37;F014;Segurança Social
2024;Beja;86853;8667;347196986.81;10574062.38;1024630335.72;7538;95520;357771049.19;F014;Segurança Social
2024;Braga;400968;46830;2091917298.76;53164001.25;6150734481.61;41683;447798;2145081300.01;F014;Segurança Social
2024;Bragança;38812;8999;177118212.16;8292507.32;523357620.33;5355;47811;185410719.48;F014;Segurança Social
2024;Castelo Branco;69565;9499;334536021.83;10738200.26;984406685.1;7294;79064;345274222.09;F014;Segurança Social
2024;Coimbra;171469;24724;947598166.72;26879425.32;2788722179.81;16089;196193;974477592.04;F014;Segurança Social
2024;Faro;258244;42319;1193704183.28;52025009.74;3490381938.49;29399;300563;1245729193.02;F014;Segurança Social
2024;Guarda;48342;7814;228189757.38;8549885.29;673596228.35;5879;56156;236739642.67;F014;Segurança Social
2024;Leiria;225111;28981;1159947762.59;33989315.07;3408016119.85;23668;254092;1193937077.66;F014;Segurança Social
2024;Lisboa;1186122;176988;7644253631.42;175505826.28;22443950908.07;132328;1363110;7819759457.7;F014;Segurança Social
2024;Outro;25647;3592;132026015.08;5838101.3;401488402.19;1705;29239;137864116.38;F014;Segurança Social
2024;Portalegre;42073;5554;191334687.03;6727239.91;564103360.88;4695;47627;198061926.94;F014;Segurança Social
2024;Porto;841313;104647;4771625213.4;112386745.29;14032111054.81;86576;945960;4884011958.69;F014;Segurança Social
2024;Região Autónoma da Madeira;106739;12551;557811348.58;12446251.89;1636932552.41;11457;119290;570257600.47;F014;Segurança Social
2024;Região Autónoma dos Açores;100573;17465;528440217.27;18168385.57;1565088463.86;9359;118038;546608602.84;F014;Segurança Social
2024;Santarém;194146;21757;974244327.16;24308747.96;2861649314.58;17938;215903;998553075.12;F014;Segurança Social
2024;Setúbal;432237;57642;2490472641.7;53999340.86;7295358446.5;33715;489879;2544471982.56;F014;Segurança Social
2024;Viana do Castelo;95247;16116;458996408.2;16913949.04;1346717704.55;10641;111363;475910357.24;F014;Segurança Social
2024;Vila Real;60477;12643;282181556.24;11276543.12;832694720.26;7765;73120;293458099.36;F014;Segurança Social
2024;Viseu;136902;19783;660093393.53;20236438.78;1946949373.86;14558;156685;680329832.31;F014;Segurança Social
2024;Évora;67452;8608;333144885.5;9565204.36;979908031.89;7468;76060;342710089.86;F014;Segurança Social
2025;Aveiro;335902;38476;1932930945.88;46619834.42;5687118861.54;29632;374378;1979550780.3;F014;Segurança Social
2025;Beja;82196;8505;370163319.42;10387415.48;1091796583.14;7574;90701;380550734.9;F014;Segurança Social
2025;Braga;408747;46548;2275825388.91;56260097.08;6691183963.02;42433;455295;2332085485.99;F014;Segurança Social
2025;Bragança;39739;8781;195325287.92;8556309.76;577019703.79;5382;48520;203881597.68;F014;Segurança Social
2025;Castelo Branco;71064;9421;362798124.73;10946873.73;1067096196.0;7434;80485;373744998.46;F014;Segurança Social
2025;Coimbra;174929;24193;1029121752.59;28120784.4;3027162843.03;16276;199122;1057242536.99;F014;Segurança Social
2025;Faro;261212;41979;1297137813.58;55073989.42;3793224476.72;29820;303191;1352211803.0;F014;Segurança Social
2025;Guarda;48720;7497;247081113.48;8888181.55;729172274.39;5943;56217;255969295.03;F014;Segurança Social
2025;Leiria;228220;28365;1259761247.5;36206037.19;3701268590.84;24044;256585;1295967284.69;F014;Segurança Social
2025;Lisboa;1206516;172951;8168868483.98;187769305.28;23988941646.0;134150;1379467;8356637789.26;F014;Segurança Social
2025;Outro;22652;3575;136293448.78;6395326.4;412203969.24;1771;26227;142688775.18;F014;Segurança Social
2025;Portalegre;41934;5311;207545789.44;6796449.95;611839325.79;4704;47245;214342239.39;F014;Segurança Social
2025;Porto;852415;103257;5153727958.23;121701283.09;15156053875.79;87953;955672;5275429241.32;F014;Segurança Social
2025;Região Autónoma da Madeira;110252;12228;617846108.99;13178452.64;1812472562.66;11865;122480;631024561.63;F014;Segurança Social
2025;Região Autónoma dos Açores;102255;17109;576826705.37;18981165.18;1708136513.21;9390;119364;595807870.55;F014;Segurança Social
2025;Santarém;199322;21643;1066743522.73;25331366.03;3133103719.8;18189;220965;1092074888.76;F014;Segurança Social
2025;Setúbal;449387;57411;2733265439.85;58195798.85;8007131879.14;34550;506798;2791461238.7;F014;Segurança Social
2025;Viana do Castelo;96130;15909;493418137.2;17917433.82;1447613053.69;10784;112039;511335571.02;F014;Segurança Social
2025;Vila Real;62187;12377;309129733.41;11809339.97;911477219.56;7927;74564;320939073.38;F014;Segurança Social
2025;Viseu;140948;19253;721169928.23;21088649.92;2125550919.34;14867;160201;742258578.15;F014;Segurança Social
2025;Évora;67731;8147;360698668.11;9542749.47;1060748135.16;7571;75878;370241417.58;F014;Segurança Social
