year;geo_code;country;nace_r2_code;sector_nace_r2;na_item_code;unit_code;gva_million_eur;data_flag;source_id;dataset_id;source;price_basis;unit_label
2016;PT;Portugal;A;Agriculture, forestry and fishing;B1G;CP_MEUR;3582.9;;F012;D115;Eurostat — Gross value added and income by detailed industry (nama_10_a64);current_prices;Million euro, current prices
2016;PT;Portugal;B;Mining and quarrying;B1G;CP_MEUR;533.4;;F012;D115;Eurostat — Gross value added and income by detailed industry (nama_10_a64);current_prices;Million euro, current prices
2016;PT;Portugal;C;Manufacturing;B1G;CP_MEUR;22819.6;;F012;D115;Eurostat — Gross value added and income by detailed industry (nama_10_a64);current_prices;Million euro, current prices
2016;PT;Portugal;D;Electricity, gas, steam and air conditioning supply;B1G;CP_MEUR;4650.7;;F012;D115;Eurostat — Gross value added and income by detailed industry (nama_10_a64);current_prices;Million euro, current prices
2016;PT;Portugal;E;"Water supply; sewerage, waste management and remediation activities";B1G;CP_MEUR;1720.2;;F012;D115;Eurostat — Gross value added and income by detailed industry (nama_10_a64);current_prices;Million euro, current prices
2016;PT;Portugal;F;Construction;B1G;CP_MEUR;6523.8;;F012;D115;Eurostat — Gross value added and income by detailed industry (nama_10_a64);current_prices;Million euro, current prices
2016;PT;Portugal;G;"Wholesale and retail trade; repair of motor vehicles and motorcycles";B1G;CP_MEUR;23554.9;;F012;D115;Eurostat — Gross value added and income by detailed industry (nama_10_a64);current_prices;Million euro, current prices
2016;PT;Portugal;H;Transportation and storage;B1G;CP_MEUR;7768.9;;F012;D115;Eurostat — Gross value added and income by detailed industry (nama_10_a64);current_prices;Million euro, current prices
2016;PT;Portugal;I;Accommodation and food service activities;B1G;CP_MEUR;8739.5;;F012;D115;Eurostat — Gross value added and income by detailed industry (nama_10_a64);current_prices;Million euro, current prices
2016;PT;Portugal;J;Information and communication;B1G;CP_MEUR;5660.3;;F012;D115;Eurostat — Gross value added and income by detailed industry (nama_10_a64);current_prices;Million euro, current prices
2016;PT;Portugal;K;Financial and insurance activities;B1G;CP_MEUR;8084.5;;F012;D115;Eurostat — Gross value added and income by detailed industry (nama_10_a64);current_prices;Million euro, current prices
2016;PT;Portugal;L;Real estate activities;B1G;CP_MEUR;20173.9;;F012;D115;Eurostat — Gross value added and income by detailed industry (nama_10_a64);current_prices;Million euro, current prices
2016;PT;Portugal;M;Professional, scientific and technical activities;B1G;CP_MEUR;6028.4;;F012;D115;Eurostat — Gross value added and income by detailed industry (nama_10_a64);current_prices;Million euro, current prices
2016;PT;Portugal;N;Administrative and support service activities;B1G;CP_MEUR;5918.8;;F012;D115;Eurostat — Gross value added and income by detailed industry (nama_10_a64);current_prices;Million euro, current prices
2016;PT;Portugal;O;"Public administration and defence; compulsory social security";B1G;CP_MEUR;11758.4;;F012;D115;Eurostat — Gross value added and income by detailed industry (nama_10_a64);current_prices;Million euro, current prices
2016;PT;Portugal;P;Education;B1G;CP_MEUR;9405.6;;F012;D115;Eurostat — Gross value added and income by detailed industry (nama_10_a64);current_prices;Million euro, current prices
2016;PT;Portugal;Q;Human health and social work activities;B1G;CP_MEUR;10227.8;;F012;D115;Eurostat — Gross value added and income by detailed industry (nama_10_a64);current_prices;Million euro, current prices
2016;PT;Portugal;R;Arts, entertainment and recreation;B1G;CP_MEUR;1296.7;;F012;D115;Eurostat — Gross value added and income by detailed industry (nama_10_a64);current_prices;Million euro, current prices
2016;PT;Portugal;S;Other service activities;B1G;CP_MEUR;2200.4;;F012;D115;Eurostat — Gross value added and income by detailed industry (nama_10_a64);current_prices;Million euro, current prices
2016;PT;Portugal;T;"Activities of households as employers; undifferentiated goods- and services-producing activities of households for own use";B1G;CP_MEUR;1096.4;;F012;D115;Eurostat — Gross value added and income by detailed industry (nama_10_a64);current_prices;Million euro, current prices
2017;PT;Portugal;A;Agriculture, forestry and fishing;B1G;CP_MEUR;3839.2;;F012;D115;Eurostat — Gross value added and income by detailed industry (nama_10_a64);current_prices;Million euro, current prices
2017;PT;Portugal;B;Mining and quarrying;B1G;CP_MEUR;603.9;;F012;D115;Eurostat — Gross value added and income by detailed industry (nama_10_a64);current_prices;Million euro, current prices
2017;PT;Portugal;C;Manufacturing;B1G;CP_MEUR;24303.6;;F012;D115;Eurostat — Gross value added and income by detailed industry (nama_10_a64);current_prices;Million euro, current prices
2017;PT;Portugal;D;Electricity, gas, steam and air conditioning supply;B1G;CP_MEUR;4121.0;;F012;D115;Eurostat — Gross value added and income by detailed industry (nama_10_a64);current_prices;Million euro, current prices
2017;PT;Portugal;E;"Water supply; sewerage, waste management and remediation activities";B1G;CP_MEUR;1685.5;;F012;D115;Eurostat — Gross value added and income by detailed industry (nama_10_a64);current_prices;Million euro, current prices
2017;PT;Portugal;F;Construction;B1G;CP_MEUR;6920.3;;F012;D115;Eurostat — Gross value added and income by detailed industry (nama_10_a64);current_prices;Million euro, current prices
2017;PT;Portugal;G;"Wholesale and retail trade; repair of motor vehicles and motorcycles";B1G;CP_MEUR;23541.3;;F012;D115;Eurostat — Gross value added and income by detailed industry (nama_10_a64);current_prices;Million euro, current prices
2017;PT;Portugal;H;Transportation and storage;B1G;CP_MEUR;8454.1;;F012;D115;Eurostat — Gross value added and income by detailed industry (nama_10_a64);current_prices;Million euro, current prices
2017;PT;Portugal;I;Accommodation and food service activities;B1G;CP_MEUR;9998.8;;F012;D115;Eurostat — Gross value added and income by detailed industry (nama_10_a64);current_prices;Million euro, current prices
2017;PT;Portugal;J;Information and communication;B1G;CP_MEUR;5946.9;;F012;D115;Eurostat — Gross value added and income by detailed industry (nama_10_a64);current_prices;Million euro, current prices
2017;PT;Portugal;K;Financial and insurance activities;B1G;CP_MEUR;7968.0;;F012;D115;Eurostat — Gross value added and income by detailed industry (nama_10_a64);current_prices;Million euro, current prices
2017;PT;Portugal;L;Real estate activities;B1G;CP_MEUR;21214.2;;F012;D115;Eurostat — Gross value added and income by detailed industry (nama_10_a64);current_prices;Million euro, current prices
2017;PT;Portugal;M;Professional, scientific and technical activities;B1G;CP_MEUR;6473.7;;F012;D115;Eurostat — Gross value added and income by detailed industry (nama_10_a64);current_prices;Million euro, current prices
2017;PT;Portugal;N;Administrative and support service activities;B1G;CP_MEUR;6611.2;;F012;D115;Eurostat — Gross value added and income by detailed industry (nama_10_a64);current_prices;Million euro, current prices
2017;PT;Portugal;O;"Public administration and defence; compulsory social security";B1G;CP_MEUR;11987.4;;F012;D115;Eurostat — Gross value added and income by detailed industry (nama_10_a64);current_prices;Million euro, current prices
2017;PT;Portugal;P;Education;B1G;CP_MEUR;9691.8;;F012;D115;Eurostat — Gross value added and income by detailed industry (nama_10_a64);current_prices;Million euro, current prices
2017;PT;Portugal;Q;Human health and social work activities;B1G;CP_MEUR;10811.5;;F012;D115;Eurostat — Gross value added and income by detailed industry (nama_10_a64);current_prices;Million euro, current prices
2017;PT;Portugal;R;Arts, entertainment and recreation;B1G;CP_MEUR;1513.3;;F012;D115;Eurostat — Gross value added and income by detailed industry (nama_10_a64);current_prices;Million euro, current prices
2017;PT;Portugal;S;Other service activities;B1G;CP_MEUR;2290.3;;F012;D115;Eurostat — Gross value added and income by detailed industry (nama_10_a64);current_prices;Million euro, current prices
2017;PT;Portugal;T;"Activities of households as employers; undifferentiated goods- and services-producing activities of households for own use";B1G;CP_MEUR;1095.4;;F012;D115;Eurostat — Gross value added and income by detailed industry (nama_10_a64);current_prices;Million euro, current prices
2018;PT;Portugal;A;Agriculture, forestry and fishing;B1G;CP_MEUR;3932.2;;F012;D115;Eurostat — Gross value added and income by detailed industry (nama_10_a64);current_prices;Million euro, current prices
2018;PT;Portugal;B;Mining and quarrying;B1G;CP_MEUR;593.1;;F012;D115;Eurostat — Gross value added and income by detailed industry (nama_10_a64);current_prices;Million euro, current prices
2018;PT;Portugal;C;Manufacturing;B1G;CP_MEUR;25260.1;;F012;D115;Eurostat — Gross value added and income by detailed industry (nama_10_a64);current_prices;Million euro, current prices
2018;PT;Portugal;D;Electricity, gas, steam and air conditioning supply;B1G;CP_MEUR;4660.1;;F012;D115;Eurostat — Gross value added and income by detailed industry (nama_10_a64);current_prices;Million euro, current prices
2018;PT;Portugal;E;"Water supply; sewerage, waste management and remediation activities";B1G;CP_MEUR;1678.4;;F012;D115;Eurostat — Gross value added and income by detailed industry (nama_10_a64);current_prices;Million euro, current prices
2018;PT;Portugal;F;Construction;B1G;CP_MEUR;7541.1;;F012;D115;Eurostat — Gross value added and income by detailed industry (nama_10_a64);current_prices;Million euro, current prices
2018;PT;Portugal;G;"Wholesale and retail trade; repair of motor vehicles and motorcycles";B1G;CP_MEUR;23863.8;;F012;D115;Eurostat — Gross value added and income by detailed industry (nama_10_a64);current_prices;Million euro, current prices
2018;PT;Portugal;H;Transportation and storage;B1G;CP_MEUR;8786.0;;F012;D115;Eurostat — Gross value added and income by detailed industry (nama_10_a64);current_prices;Million euro, current prices
2018;PT;Portugal;I;Accommodation and food service activities;B1G;CP_MEUR;10725.2;;F012;D115;Eurostat — Gross value added and income by detailed industry (nama_10_a64);current_prices;Million euro, current prices
2018;PT;Portugal;J;Information and communication;B1G;CP_MEUR;6375.7;;F012;D115;Eurostat — Gross value added and income by detailed industry (nama_10_a64);current_prices;Million euro, current prices
2018;PT;Portugal;K;Financial and insurance activities;B1G;CP_MEUR;8363.7;;F012;D115;Eurostat — Gross value added and income by detailed industry (nama_10_a64);current_prices;Million euro, current prices
2018;PT;Portugal;L;Real estate activities;B1G;CP_MEUR;22163.3;;F012;D115;Eurostat — Gross value added and income by detailed industry (nama_10_a64);current_prices;Million euro, current prices
2018;PT;Portugal;M;Professional, scientific and technical activities;B1G;CP_MEUR;7255.8;;F012;D115;Eurostat — Gross value added and income by detailed industry (nama_10_a64);current_prices;Million euro, current prices
2018;PT;Portugal;N;Administrative and support service activities;B1G;CP_MEUR;7149.3;;F012;D115;Eurostat — Gross value added and income by detailed industry (nama_10_a64);current_prices;Million euro, current prices
2018;PT;Portugal;O;"Public administration and defence; compulsory social security";B1G;CP_MEUR;12278.5;;F012;D115;Eurostat — Gross value added and income by detailed industry (nama_10_a64);current_prices;Million euro, current prices
2018;PT;Portugal;P;Education;B1G;CP_MEUR;9939.5;;F012;D115;Eurostat — Gross value added and income by detailed industry (nama_10_a64);current_prices;Million euro, current prices
2018;PT;Portugal;Q;Human health and social work activities;B1G;CP_MEUR;11532.5;;F012;D115;Eurostat — Gross value added and income by detailed industry (nama_10_a64);current_prices;Million euro, current prices
2018;PT;Portugal;R;Arts, entertainment and recreation;B1G;CP_MEUR;1580.6;;F012;D115;Eurostat — Gross value added and income by detailed industry (nama_10_a64);current_prices;Million euro, current prices
2018;PT;Portugal;S;Other service activities;B1G;CP_MEUR;2358.3;;F012;D115;Eurostat — Gross value added and income by detailed industry (nama_10_a64);current_prices;Million euro, current prices
2018;PT;Portugal;T;"Activities of households as employers; undifferentiated goods- and services-producing activities of households for own use";B1G;CP_MEUR;1120.3;;F012;D115;Eurostat — Gross value added and income by detailed industry (nama_10_a64);current_prices;Million euro, current prices
2019;PT;Portugal;A;Agriculture, forestry and fishing;B1G;CP_MEUR;4289.6;;F012;D115;Eurostat — Gross value added and income by detailed industry (nama_10_a64);current_prices;Million euro, current prices
2019;PT;Portugal;B;Mining and quarrying;B1G;CP_MEUR;561.6;;F012;D115;Eurostat — Gross value added and income by detailed industry (nama_10_a64);current_prices;Million euro, current prices
2019;PT;Portugal;C;Manufacturing;B1G;CP_MEUR;25605.3;;F012;D115;Eurostat — Gross value added and income by detailed industry (nama_10_a64);current_prices;Million euro, current prices
2019;PT;Portugal;D;Electricity, gas, steam and air conditioning supply;B1G;CP_MEUR;4426.8;;F012;D115;Eurostat — Gross value added and income by detailed industry (nama_10_a64);current_prices;Million euro, current prices
2019;PT;Portugal;E;"Water supply; sewerage, waste management and remediation activities";B1G;CP_MEUR;1763.4;;F012;D115;Eurostat — Gross value added and income by detailed industry (nama_10_a64);current_prices;Million euro, current prices
2019;PT;Portugal;F;Construction;B1G;CP_MEUR;8151.7;;F012;D115;Eurostat — Gross value added and income by detailed industry (nama_10_a64);current_prices;Million euro, current prices
2019;PT;Portugal;G;"Wholesale and retail trade; repair of motor vehicles and motorcycles";B1G;CP_MEUR;24675.1;;F012;D115;Eurostat — Gross value added and income by detailed industry (nama_10_a64);current_prices;Million euro, current prices
2019;PT;Portugal;H;Transportation and storage;B1G;CP_MEUR;9452.0;;F012;D115;Eurostat — Gross value added and income by detailed industry (nama_10_a64);current_prices;Million euro, current prices
2019;PT;Portugal;I;Accommodation and food service activities;B1G;CP_MEUR;11315.4;;F012;D115;Eurostat — Gross value added and income by detailed industry (nama_10_a64);current_prices;Million euro, current prices
2019;PT;Portugal;J;Information and communication;B1G;CP_MEUR;7140.6;;F012;D115;Eurostat — Gross value added and income by detailed industry (nama_10_a64);current_prices;Million euro, current prices
2019;PT;Portugal;K;Financial and insurance activities;B1G;CP_MEUR;8909.7;;F012;D115;Eurostat — Gross value added and income by detailed industry (nama_10_a64);current_prices;Million euro, current prices
2019;PT;Portugal;L;Real estate activities;B1G;CP_MEUR;23260.5;;F012;D115;Eurostat — Gross value added and income by detailed industry (nama_10_a64);current_prices;Million euro, current prices
2019;PT;Portugal;M;Professional, scientific and technical activities;B1G;CP_MEUR;7972.0;;F012;D115;Eurostat — Gross value added and income by detailed industry (nama_10_a64);current_prices;Million euro, current prices
2019;PT;Portugal;N;Administrative and support service activities;B1G;CP_MEUR;7453.6;;F012;D115;Eurostat — Gross value added and income by detailed industry (nama_10_a64);current_prices;Million euro, current prices
2019;PT;Portugal;O;"Public administration and defence; compulsory social security";B1G;CP_MEUR;12762.6;;F012;D115;Eurostat — Gross value added and income by detailed industry (nama_10_a64);current_prices;Million euro, current prices
2019;PT;Portugal;P;Education;B1G;CP_MEUR;10198.6;;F012;D115;Eurostat — Gross value added and income by detailed industry (nama_10_a64);current_prices;Million euro, current prices
2019;PT;Portugal;Q;Human health and social work activities;B1G;CP_MEUR;12208.7;;F012;D115;Eurostat — Gross value added and income by detailed industry (nama_10_a64);current_prices;Million euro, current prices
2019;PT;Portugal;R;Arts, entertainment and recreation;B1G;CP_MEUR;1697.8;;F012;D115;Eurostat — Gross value added and income by detailed industry (nama_10_a64);current_prices;Million euro, current prices
2019;PT;Portugal;S;Other service activities;B1G;CP_MEUR;2459.7;;F012;D115;Eurostat — Gross value added and income by detailed industry (nama_10_a64);current_prices;Million euro, current prices
2019;PT;Portugal;T;"Activities of households as employers; undifferentiated goods- and services-producing activities of households for own use";B1G;CP_MEUR;1169.3;;F012;D115;Eurostat — Gross value added and income by detailed industry (nama_10_a64);current_prices;Million euro, current prices
2020;PT;Portugal;A;Agriculture, forestry and fishing;B1G;CP_MEUR;4303.9;;F012;D115;Eurostat — Gross value added and income by detailed industry (nama_10_a64);current_prices;Million euro, current prices
2020;PT;Portugal;B;Mining and quarrying;B1G;CP_MEUR;524.8;;F012;D115;Eurostat — Gross value added and income by detailed industry (nama_10_a64);current_prices;Million euro, current prices
2020;PT;Portugal;C;Manufacturing;B1G;CP_MEUR;24304.9;;F012;D115;Eurostat — Gross value added and income by detailed industry (nama_10_a64);current_prices;Million euro, current prices
2020;PT;Portugal;D;Electricity, gas, steam and air conditioning supply;B1G;CP_MEUR;3959.1;;F012;D115;Eurostat — Gross value added and income by detailed industry (nama_10_a64);current_prices;Million euro, current prices
2020;PT;Portugal;E;"Water supply; sewerage, waste management and remediation activities";B1G;CP_MEUR;1848.3;;F012;D115;Eurostat — Gross value added and income by detailed industry (nama_10_a64);current_prices;Million euro, current prices
2020;PT;Portugal;F;Construction;B1G;CP_MEUR;8352.2;;F012;D115;Eurostat — Gross value added and income by detailed industry (nama_10_a64);current_prices;Million euro, current prices
2020;PT;Portugal;G;"Wholesale and retail trade; repair of motor vehicles and motorcycles";B1G;CP_MEUR;23154.7;;F012;D115;Eurostat — Gross value added and income by detailed industry (nama_10_a64);current_prices;Million euro, current prices
2020;PT;Portugal;H;Transportation and storage;B1G;CP_MEUR;6989.4;;F012;D115;Eurostat — Gross value added and income by detailed industry (nama_10_a64);current_prices;Million euro, current prices
2020;PT;Portugal;I;Accommodation and food service activities;B1G;CP_MEUR;6388.7;;F012;D115;Eurostat — Gross value added and income by detailed industry (nama_10_a64);current_prices;Million euro, current prices
2020;PT;Portugal;J;Information and communication;B1G;CP_MEUR;7782.4;;F012;D115;Eurostat — Gross value added and income by detailed industry (nama_10_a64);current_prices;Million euro, current prices
2020;PT;Portugal;K;Financial and insurance activities;B1G;CP_MEUR;9255.8;;F012;D115;Eurostat — Gross value added and income by detailed industry (nama_10_a64);current_prices;Million euro, current prices
2020;PT;Portugal;L;Real estate activities;B1G;CP_MEUR;23562.4;;F012;D115;Eurostat — Gross value added and income by detailed industry (nama_10_a64);current_prices;Million euro, current prices
2020;PT;Portugal;M;Professional, scientific and technical activities;B1G;CP_MEUR;8142.7;;F012;D115;Eurostat — Gross value added and income by detailed industry (nama_10_a64);current_prices;Million euro, current prices
2020;PT;Portugal;N;Administrative and support service activities;B1G;CP_MEUR;6644.3;;F012;D115;Eurostat — Gross value added and income by detailed industry (nama_10_a64);current_prices;Million euro, current prices
2020;PT;Portugal;O;"Public administration and defence; compulsory social security";B1G;CP_MEUR;12907.9;;F012;D115;Eurostat — Gross value added and income by detailed industry (nama_10_a64);current_prices;Million euro, current prices
2020;PT;Portugal;P;Education;B1G;CP_MEUR;10311.9;;F012;D115;Eurostat — Gross value added and income by detailed industry (nama_10_a64);current_prices;Million euro, current prices
2020;PT;Portugal;Q;Human health and social work activities;B1G;CP_MEUR;12168.7;;F012;D115;Eurostat — Gross value added and income by detailed industry (nama_10_a64);current_prices;Million euro, current prices
2020;PT;Portugal;R;Arts, entertainment and recreation;B1G;CP_MEUR;1237.1;;F012;D115;Eurostat — Gross value added and income by detailed industry (nama_10_a64);current_prices;Million euro, current prices
2020;PT;Portugal;S;Other service activities;B1G;CP_MEUR;2158.5;;F012;D115;Eurostat — Gross value added and income by detailed industry (nama_10_a64);current_prices;Million euro, current prices
2020;PT;Portugal;T;"Activities of households as employers; undifferentiated goods- and services-producing activities of households for own use";B1G;CP_MEUR;1106.3;;F012;D115;Eurostat — Gross value added and income by detailed industry (nama_10_a64);current_prices;Million euro, current prices
2021;PT;Portugal;A;Agriculture, forestry and fishing;B1G;CP_MEUR;4680.7;;F012;D115;Eurostat — Gross value added and income by detailed industry (nama_10_a64);current_prices;Million euro, current prices
2021;PT;Portugal;B;Mining and quarrying;B1G;CP_MEUR;752.7;;F012;D115;Eurostat — Gross value added and income by detailed industry (nama_10_a64);current_prices;Million euro, current prices
2021;PT;Portugal;C;Manufacturing;B1G;CP_MEUR;26938.2;;F012;D115;Eurostat — Gross value added and income by detailed industry (nama_10_a64);current_prices;Million euro, current prices
2021;PT;Portugal;D;Electricity, gas, steam and air conditioning supply;B1G;CP_MEUR;3445.7;;F012;D115;Eurostat — Gross value added and income by detailed industry (nama_10_a64);current_prices;Million euro, current prices
2021;PT;Portugal;E;"Water supply; sewerage, waste management and remediation activities";B1G;CP_MEUR;1978.9;;F012;D115;Eurostat — Gross value added and income by detailed industry (nama_10_a64);current_prices;Million euro, current prices
2021;PT;Portugal;F;Construction;B1G;CP_MEUR;8695.7;;F012;D115;Eurostat — Gross value added and income by detailed industry (nama_10_a64);current_prices;Million euro, current prices
2021;PT;Portugal;G;"Wholesale and retail trade; repair of motor vehicles and motorcycles";B1G;CP_MEUR;23942.5;;F012;D115;Eurostat — Gross value added and income by detailed industry (nama_10_a64);current_prices;Million euro, current prices
2021;PT;Portugal;H;Transportation and storage;B1G;CP_MEUR;7775.4;;F012;D115;Eurostat — Gross value added and income by detailed industry (nama_10_a64);current_prices;Million euro, current prices
2021;PT;Portugal;I;Accommodation and food service activities;B1G;CP_MEUR;7913.7;;F012;D115;Eurostat — Gross value added and income by detailed industry (nama_10_a64);current_prices;Million euro, current prices
2021;PT;Portugal;J;Information and communication;B1G;CP_MEUR;8499.8;;F012;D115;Eurostat — Gross value added and income by detailed industry (nama_10_a64);current_prices;Million euro, current prices
2021;PT;Portugal;K;Financial and insurance activities;B1G;CP_MEUR;9604.2;;F012;D115;Eurostat — Gross value added and income by detailed industry (nama_10_a64);current_prices;Million euro, current prices
2021;PT;Portugal;L;Real estate activities;B1G;CP_MEUR;24399.8;;F012;D115;Eurostat — Gross value added and income by detailed industry (nama_10_a64);current_prices;Million euro, current prices
2021;PT;Portugal;M;Professional, scientific and technical activities;B1G;CP_MEUR;8888.9;;F012;D115;Eurostat — Gross value added and income by detailed industry (nama_10_a64);current_prices;Million euro, current prices
2021;PT;Portugal;N;Administrative and support service activities;B1G;CP_MEUR;7646.9;;F012;D115;Eurostat — Gross value added and income by detailed industry (nama_10_a64);current_prices;Million euro, current prices
2021;PT;Portugal;O;"Public administration and defence; compulsory social security";B1G;CP_MEUR;13462.9;;F012;D115;Eurostat — Gross value added and income by detailed industry (nama_10_a64);current_prices;Million euro, current prices
2021;PT;Portugal;P;Education;B1G;CP_MEUR;10553.5;;F012;D115;Eurostat — Gross value added and income by detailed industry (nama_10_a64);current_prices;Million euro, current prices
2021;PT;Portugal;Q;Human health and social work activities;B1G;CP_MEUR;13493.0;;F012;D115;Eurostat — Gross value added and income by detailed industry (nama_10_a64);current_prices;Million euro, current prices
2021;PT;Portugal;R;Arts, entertainment and recreation;B1G;CP_MEUR;1467.1;;F012;D115;Eurostat — Gross value added and income by detailed industry (nama_10_a64);current_prices;Million euro, current prices
2021;PT;Portugal;S;Other service activities;B1G;CP_MEUR;2188.8;;F012;D115;Eurostat — Gross value added and income by detailed industry (nama_10_a64);current_prices;Million euro, current prices
2021;PT;Portugal;T;"Activities of households as employers; undifferentiated goods- and services-producing activities of households for own use";B1G;CP_MEUR;1033.3;;F012;D115;Eurostat — Gross value added and income by detailed industry (nama_10_a64);current_prices;Million euro, current prices
2022;PT;Portugal;A;Agriculture, forestry and fishing;B1G;CP_MEUR;4648.4;;F012;D115;Eurostat — Gross value added and income by detailed industry (nama_10_a64);current_prices;Million euro, current prices
2022;PT;Portugal;B;Mining and quarrying;B1G;CP_MEUR;678.8;;F012;D115;Eurostat — Gross value added and income by detailed industry (nama_10_a64);current_prices;Million euro, current prices
2022;PT;Portugal;C;Manufacturing;B1G;CP_MEUR;30402.6;;F012;D115;Eurostat — Gross value added and income by detailed industry (nama_10_a64);current_prices;Million euro, current prices
2022;PT;Portugal;D;Electricity, gas, steam and air conditioning supply;B1G;CP_MEUR;1767.1;;F012;D115;Eurostat — Gross value added and income by detailed industry (nama_10_a64);current_prices;Million euro, current prices
2022;PT;Portugal;E;"Water supply; sewerage, waste management and remediation activities";B1G;CP_MEUR;1999.3;;F012;D115;Eurostat — Gross value added and income by detailed industry (nama_10_a64);current_prices;Million euro, current prices
2022;PT;Portugal;F;Construction;B1G;CP_MEUR;10048.2;;F012;D115;Eurostat — Gross value added and income by detailed industry (nama_10_a64);current_prices;Million euro, current prices
2022;PT;Portugal;G;"Wholesale and retail trade; repair of motor vehicles and motorcycles";B1G;CP_MEUR;26047.1;;F012;D115;Eurostat — Gross value added and income by detailed industry (nama_10_a64);current_prices;Million euro, current prices
2022;PT;Portugal;H;Transportation and storage;B1G;CP_MEUR;9767.7;;F012;D115;Eurostat — Gross value added and income by detailed industry (nama_10_a64);current_prices;Million euro, current prices
2022;PT;Portugal;I;Accommodation and food service activities;B1G;CP_MEUR;12959.9;;F012;D115;Eurostat — Gross value added and income by detailed industry (nama_10_a64);current_prices;Million euro, current prices
2022;PT;Portugal;J;Information and communication;B1G;CP_MEUR;10019.8;;F012;D115;Eurostat — Gross value added and income by detailed industry (nama_10_a64);current_prices;Million euro, current prices
2022;PT;Portugal;K;Financial and insurance activities;B1G;CP_MEUR;11430.9;;F012;D115;Eurostat — Gross value added and income by detailed industry (nama_10_a64);current_prices;Million euro, current prices
2022;PT;Portugal;L;Real estate activities;B1G;CP_MEUR;25585.5;;F012;D115;Eurostat — Gross value added and income by detailed industry (nama_10_a64);current_prices;Million euro, current prices
2022;PT;Portugal;M;Professional, scientific and technical activities;B1G;CP_MEUR;10628.5;;F012;D115;Eurostat — Gross value added and income by detailed industry (nama_10_a64);current_prices;Million euro, current prices
2022;PT;Portugal;N;Administrative and support service activities;B1G;CP_MEUR;9469.2;;F012;D115;Eurostat — Gross value added and income by detailed industry (nama_10_a64);current_prices;Million euro, current prices
2022;PT;Portugal;O;"Public administration and defence; compulsory social security";B1G;CP_MEUR;14102.6;;F012;D115;Eurostat — Gross value added and income by detailed industry (nama_10_a64);current_prices;Million euro, current prices
2022;PT;Portugal;P;Education;B1G;CP_MEUR;11195.4;;F012;D115;Eurostat — Gross value added and income by detailed industry (nama_10_a64);current_prices;Million euro, current prices
2022;PT;Portugal;Q;Human health and social work activities;B1G;CP_MEUR;14398.2;;F012;D115;Eurostat — Gross value added and income by detailed industry (nama_10_a64);current_prices;Million euro, current prices
2022;PT;Portugal;R;Arts, entertainment and recreation;B1G;CP_MEUR;2147.8;;F012;D115;Eurostat — Gross value added and income by detailed industry (nama_10_a64);current_prices;Million euro, current prices
2022;PT;Portugal;S;Other service activities;B1G;CP_MEUR;2520.3;;F012;D115;Eurostat — Gross value added and income by detailed industry (nama_10_a64);current_prices;Million euro, current prices
2022;PT;Portugal;T;"Activities of households as employers; undifferentiated goods- and services-producing activities of households for own use";B1G;CP_MEUR;1210.6;;F012;D115;Eurostat — Gross value added and income by detailed industry (nama_10_a64);current_prices;Million euro, current prices
2023;PT;Portugal;A;Agriculture, forestry and fishing;B1G;CP_MEUR;5778.0;;F012;D115;Eurostat — Gross value added and income by detailed industry (nama_10_a64);current_prices;Million euro, current prices
2023;PT;Portugal;B;Mining and quarrying;B1G;CP_MEUR;719.2;;F012;D115;Eurostat — Gross value added and income by detailed industry (nama_10_a64);current_prices;Million euro, current prices
2023;PT;Portugal;C;Manufacturing;B1G;CP_MEUR;32661.2;;F012;D115;Eurostat — Gross value added and income by detailed industry (nama_10_a64);current_prices;Million euro, current prices
2023;PT;Portugal;D;Electricity, gas, steam and air conditioning supply;B1G;CP_MEUR;3604.2;;F012;D115;Eurostat — Gross value added and income by detailed industry (nama_10_a64);current_prices;Million euro, current prices
2023;PT;Portugal;E;"Water supply; sewerage, waste management and remediation activities";B1G;CP_MEUR;2055.8;;F012;D115;Eurostat — Gross value added and income by detailed industry (nama_10_a64);current_prices;Million euro, current prices
2023;PT;Portugal;F;Construction;B1G;CP_MEUR;11547.6;;F012;D115;Eurostat — Gross value added and income by detailed industry (nama_10_a64);current_prices;Million euro, current prices
2023;PT;Portugal;G;"Wholesale and retail trade; repair of motor vehicles and motorcycles";B1G;CP_MEUR;28298.9;;F012;D115;Eurostat — Gross value added and income by detailed industry (nama_10_a64);current_prices;Million euro, current prices
2023;PT;Portugal;H;Transportation and storage;B1G;CP_MEUR;11645.7;;F012;D115;Eurostat — Gross value added and income by detailed industry (nama_10_a64);current_prices;Million euro, current prices
2023;PT;Portugal;I;Accommodation and food service activities;B1G;CP_MEUR;14861.4;;F012;D115;Eurostat — Gross value added and income by detailed industry (nama_10_a64);current_prices;Million euro, current prices
2023;PT;Portugal;J;Information and communication;B1G;CP_MEUR;11230.9;;F012;D115;Eurostat — Gross value added and income by detailed industry (nama_10_a64);current_prices;Million euro, current prices
2023;PT;Portugal;K;Financial and insurance activities;B1G;CP_MEUR;16582.6;;F012;D115;Eurostat — Gross value added and income by detailed industry (nama_10_a64);current_prices;Million euro, current prices
2023;PT;Portugal;L;Real estate activities;B1G;CP_MEUR;24767.1;;F012;D115;Eurostat — Gross value added and income by detailed industry (nama_10_a64);current_prices;Million euro, current prices
2023;PT;Portugal;M;Professional, scientific and technical activities;B1G;CP_MEUR;12067.4;;F012;D115;Eurostat — Gross value added and income by detailed industry (nama_10_a64);current_prices;Million euro, current prices
2023;PT;Portugal;N;Administrative and support service activities;B1G;CP_MEUR;10450.9;;F012;D115;Eurostat — Gross value added and income by detailed industry (nama_10_a64);current_prices;Million euro, current prices
2023;PT;Portugal;O;"Public administration and defence; compulsory social security";B1G;CP_MEUR;15126.4;;F012;D115;Eurostat — Gross value added and income by detailed industry (nama_10_a64);current_prices;Million euro, current prices
2023;PT;Portugal;P;Education;B1G;CP_MEUR;11896.6;;F012;D115;Eurostat — Gross value added and income by detailed industry (nama_10_a64);current_prices;Million euro, current prices
2023;PT;Portugal;Q;Human health and social work activities;B1G;CP_MEUR;15580.8;;F012;D115;Eurostat — Gross value added and income by detailed industry (nama_10_a64);current_prices;Million euro, current prices
2023;PT;Portugal;R;Arts, entertainment and recreation;B1G;CP_MEUR;2508.2;;F012;D115;Eurostat — Gross value added and income by detailed industry (nama_10_a64);current_prices;Million euro, current prices
2023;PT;Portugal;S;Other service activities;B1G;CP_MEUR;2853.1;;F012;D115;Eurostat — Gross value added and income by detailed industry (nama_10_a64);current_prices;Million euro, current prices
2023;PT;Portugal;T;"Activities of households as employers; undifferentiated goods- and services-producing activities of households for own use";B1G;CP_MEUR;1353.1;;F012;D115;Eurostat — Gross value added and income by detailed industry (nama_10_a64);current_prices;Million euro, current prices
2024;PT;Portugal;A;Agriculture, forestry and fishing;B1G;CP_MEUR;5851.3;provisional;F012;D115;Eurostat — Gross value added and income by detailed industry (nama_10_a64);current_prices;Million euro, current prices
2024;PT;Portugal;B;Mining and quarrying;B1G;CP_MEUR;815.6;provisional;F012;D115;Eurostat — Gross value added and income by detailed industry (nama_10_a64);current_prices;Million euro, current prices
2024;PT;Portugal;C;Manufacturing;B1G;CP_MEUR;34043.5;provisional;F012;D115;Eurostat — Gross value added and income by detailed industry (nama_10_a64);current_prices;Million euro, current prices
2024;PT;Portugal;D;Electricity, gas, steam and air conditioning supply;B1G;CP_MEUR;4197.3;provisional;F012;D115;Eurostat — Gross value added and income by detailed industry (nama_10_a64);current_prices;Million euro, current prices
2024;PT;Portugal;E;"Water supply; sewerage, waste management and remediation activities";B1G;CP_MEUR;2325.8;provisional;F012;D115;Eurostat — Gross value added and income by detailed industry (nama_10_a64);current_prices;Million euro, current prices
2024;PT;Portugal;F;Construction;B1G;CP_MEUR;12779.3;provisional;F012;D115;Eurostat — Gross value added and income by detailed industry (nama_10_a64);current_prices;Million euro, current prices
2024;PT;Portugal;G;"Wholesale and retail trade; repair of motor vehicles and motorcycles";B1G;CP_MEUR;30188.6;provisional;F012;D115;Eurostat — Gross value added and income by detailed industry (nama_10_a64);current_prices;Million euro, current prices
2024;PT;Portugal;H;Transportation and storage;B1G;CP_MEUR;12401.7;provisional;F012;D115;Eurostat — Gross value added and income by detailed industry (nama_10_a64);current_prices;Million euro, current prices
2024;PT;Portugal;I;Accommodation and food service activities;B1G;CP_MEUR;16236.2;provisional;F012;D115;Eurostat — Gross value added and income by detailed industry (nama_10_a64);current_prices;Million euro, current prices
2024;PT;Portugal;J;Information and communication;B1G;CP_MEUR;12557.2;provisional;F012;D115;Eurostat — Gross value added and income by detailed industry (nama_10_a64);current_prices;Million euro, current prices
2024;PT;Portugal;K;Financial and insurance activities;B1G;CP_MEUR;15900.8;provisional;F012;D115;Eurostat — Gross value added and income by detailed industry (nama_10_a64);current_prices;Million euro, current prices
2024;PT;Portugal;L;Real estate activities;B1G;CP_MEUR;27347.9;provisional;F012;D115;Eurostat — Gross value added and income by detailed industry (nama_10_a64);current_prices;Million euro, current prices
2024;PT;Portugal;M;Professional, scientific and technical activities;B1G;CP_MEUR;13013.1;provisional;F012;D115;Eurostat — Gross value added and income by detailed industry (nama_10_a64);current_prices;Million euro, current prices
2024;PT;Portugal;N;Administrative and support service activities;B1G;CP_MEUR;11240.8;provisional;F012;D115;Eurostat — Gross value added and income by detailed industry (nama_10_a64);current_prices;Million euro, current prices
2024;PT;Portugal;O;"Public administration and defence; compulsory social security";B1G;CP_MEUR;16283.2;provisional;F012;D115;Eurostat — Gross value added and income by detailed industry (nama_10_a64);current_prices;Million euro, current prices
2024;PT;Portugal;P;Education;B1G;CP_MEUR;12769.7;provisional;F012;D115;Eurostat — Gross value added and income by detailed industry (nama_10_a64);current_prices;Million euro, current prices
2024;PT;Portugal;Q;Human health and social work activities;B1G;CP_MEUR;16753.3;provisional;F012;D115;Eurostat — Gross value added and income by detailed industry (nama_10_a64);current_prices;Million euro, current prices
2024;PT;Portugal;R;Arts, entertainment and recreation;B1G;CP_MEUR;2918.9;provisional;F012;D115;Eurostat — Gross value added and income by detailed industry (nama_10_a64);current_prices;Million euro, current prices
2024;PT;Portugal;S;Other service activities;B1G;CP_MEUR;3037.4;provisional;F012;D115;Eurostat — Gross value added and income by detailed industry (nama_10_a64);current_prices;Million euro, current prices
2024;PT;Portugal;T;"Activities of households as employers; undifferentiated goods- and services-producing activities of households for own use";B1G;CP_MEUR;1463.2;provisional;F012;D115;Eurostat — Gross value added and income by detailed industry (nama_10_a64);current_prices;Million euro, current prices
