Índice;;;;;;;;;;;;;;;;;;;;;;;;;;;;;;;;;;;;;;;;;;
Código territorial;Nível territorial;Designação;Agregados Fiscais;Rendimento bruto declarado;Rendimento bruto deduzido do IRS liquidado ;Rendimento bruto declarado médio por agregado fiscal;Percentis do rendimento bruto declarado;;;;;;;;;;;Percentis do rendimento bruto declarado deduzido do IRS liquidado;;;;;;;;;;;Coeficiente de Gini do rendimento bruto declarado deduzido do IRS liquidado;Desigualdade na distribuição do rendimento bruto declarado deduzido do IRS liquidado;;;;;;;;;;;;
;;;;;;;10;20;25;30;40;50;60;70;75;80;90;10;20;25;30;40;50;60;70;75;80;90;;P80/P20;P90/P10;;;;;;;;;;;
;;;Nº;Milhares €;;€;;;;;;;;;;;;;;;;;;;;;;;%;Nº;Nº;;;;;;;;;;;
1;2;3;4;5;6;7;8;9;10;11;12;13;14;15;16;17;18;19;20;21;22;23;24;25;26;27;28;29;30;31;32;;;;;;;;;;;
PT;PT;Portugal;5 241 773;99 530 408;87 136 949;18 988;4 803;7 377;8 350;8 850;10 406;12 499;15 525;19 736;22 594;26 100;38 884;4 764;7 328;8 311;8 820;10 034;11 934;14 634;18 345;20 772;23 570;32 986;41,3;3,2;6,9;;;;;;;;;;;
1;NUTS 1; Continente;5 011 615;95 349 679;83 351 802;19 026;4 824;7 389;8 358;8 856;10 424;12 525;15 551;19 755;22 620;26 137;38 923;4 785;7 339;8 317;8 820;10 041;11 950;14 646;18 343;20 774;23 578;32 966;41,3;3,2;6,9;;;;;;;;;;;
11;NUTS 2;  Norte;1 782 528;30 986 492;27 546 585;17 383;4 655;7 163;8 071;8 547;9 814;11 651;14 277;17 879;20 426;23 604;34 973;4 603;7 115;8 036;8 521;9 523;11 208;13 626;17 006;19 111;21 742;30 257;40,5;3,1;6,6;;;;;;;;;;;
111;NUTS 3;   Alto Minho;116 199;1 828 650;1 657 940;15 737;4 282;6 605;7 652;8 400;9 525;11 061;13 277;16 740;18 898;21 751;31 324;4 241;6 581;7 599;8 400;9 229;10 652;12 695;15 858;17 872;20 295;27 783;39,2;3,1;6,6;;;;;;;;;;;
1601;Município;Arcos de Valdevez;10 333;137 948;126 987;13 350;3 530;5 483;6 367;7 292;8 617;9 805;11 377;13 984;15 842;18 018;26 351;3 453;5 475;6 353;7 240;8 593;9 492;10 949;13 424;15 005;17 192;24 212;39,0;3,1;7,0;;;;;;;;;;;
1602;Município;Caminha;8 333;137 034;121 849;16 445;3 854;6 225;7 251;8 252;9 401;11 100;13 440;16 991;19 308;22 385;33 262;3 802;6 180;7 207;8 200;9 151;10 671;12 766;16 064;18 051;20 527;28 839;41,5;3,3;7,6;;;;;;;;;;;
1603;Município;Melgaço;3 790;51 759;47 421;13 657;3 934;5 914;6 954;7 880;8 891;10 152;12 000;14 644;16 570;18 779;26 945;3 850;5 796;6 881;7 832;8 878;9 784;11 501;14 036;15 437;17 458;24 072;37,3;3,0;6,3;;;;;;;;;;;
1604;Município;Monção;8 585;123 007;112 585;14 328;3 790;6 072;7 185;8 089;9 050;10 433;12 159;15 147;17 206;19 731;28 380;3 715;5 999;7 087;8 061;9 020;10 075;11 718;14 400;16 352;18 599;25 290;38,7;3,1;6,8;;;;;;;;;;;
1605;Município;Paredes de Coura;4 382;60 877;56 592;13 893;4 282;6 433;7 399;8 294;9 263;10 537;12 290;15 046;16 717;19 248;26 008;4 282;6 411;7 363;8 274;9 153;10 223;11 862;14 242;16 003;18 331;24 015;36,2;2,9;5,6;;;;;;;;;;;
1606;Município;Ponte da Barca;5 750;75 920;70 373;13 203;3 651;5 611;6 508;7 321;8 532;9 665;11 033;13 682;15 612;18 031;26 137;3 593;5 564;6 446;7 297;8 514;9 365;10 687;13 061;14 951;17 301;23 537;38,8;3,1;6,6;;;;;;;;;;;
1607;Município;Ponte de Lima;19 997;289 141;267 364;14 459;4 373;6 707;7 636;8 362;9 224;10 514;12 287;15 428;17 310;19 554;27 635;4 333;6 682;7 596;8 336;9 154;10 177;11 900;14 761;16 749;18 625;25 115;37,3;2,8;5,8;;;;;;;;;;;
1608;Município;Valença;7 052;101 459;93 730;14 387;4 221;6 684;7 596;8 400;9 496;10 899;12 764;15 787;17 563;20 247;27 906;4 199;6 621;7 563;8 400;9 185;10 512;12 264;14 919;16 783;19 093;25 112;36,5;2,9;6,0;;;;;;;;;;;
1609;Município;Viana do Castelo;43 452;779 190;695 329;17 932;4 725;7 338;8 349;8 889;10 418;12 371;15 272;19 333;22 014;25 265;36 773;4 682;7 280;8 305;8 853;10 050;11 841;14 440;18 167;20 457;23 118;31 703;39,7;3,2;6,8;;;;;;;;;;;
1610;Município;Vila Nova de Cerveira;4 525;72 314;65 710;15 981;4 191;6 981;7 952;8 657;10 009;11 561;13 932;17 248;19 470;22 348;30 812;4 155;6 815;7 900;8 603;9 656;11 099;13 280;16 245;18 448;20 933;27 275;38,5;3,1;6,6;;;;;;;;;;;
112;NUTS 3;   Cávado;199 488;3 466 056;3 103 055;17 375;4 800;7 362;8 295;8 676;9 952;11 827;14 537;18 191;20 602;23 698;34 815;4 746;7 332;8 262;8 655;9 642;11 371;13 886;17 350;19 374;21 974;30 295;39,7;3,0;6,4;;;;;;;;;;;
0301;Município;Amares;8 636;130 339;119 812;15 093;4 563;6 994;7 945;8 415;9 539;10 999;13 001;16 310;18 163;20 434;29 195;4 495;6 952;7 920;8 400;9 248;10 620;12 521;15 551;17 291;19 392;26 420;37,1;2,8;5,9;;;;;;;;;;;
0302;Município;Barcelos;56 337;853 290;784 408;15 146;4 984;7 305;8 180;8 497;9 463;10 941;13 129;16 384;17 963;20 230;28 170;4 960;7 260;8 154;8 477;9 164;10 537;12 626;15 700;17 360;19 264;25 721;36,4;2,7;5,2;;;;;;;;;;;
0303;Município;Braga;93 247;1 852 927;1 625 665;19 871;5 105;7 810;8 498;9 151;10 912;13 314;16 742;21 190;24 121;27 854;41 601;5 044;7 780;8 466;9 111;10 518;12 677;15 786;19 752;22 188;25 070;34 976;40,9;3,2;6,9;;;;;;;;;;;
0306;Município;Esposende;17 066;292 338;260 304;17 130;4 682;7 034;8 009;8 453;9 600;11 373;13 956;17 521;19 943;22 995;33 975;4 625;6 999;7 960;8 431;9 310;10 931;13 327;16 826;18 843;21 394;29 704;40,5;3,1;6,4;;;;;;;;;;;
0310;Município;Terras de Bouro;3 051;40 592;37 704;13 305;3 660;5 895;6 916;7 637;8 780;9 905;11 669;14 244;16 226;18 394;25 691;3 600;5 883;6 874;7 601;8 711;9 627;11 324;13 714;15 460;17 393;23 354;37,7;3,0;6,5;;;;;;;;;;;
0313;Município;Vila Verde;21 151;296 569;275 162;14 022;4 060;6 584;7 517;8 290;9 032;10 368;12 262;15 213;16 923;19 124;27 034;3 996;6 540;7 479;8 263;8 996;10 015;11 790;14 492;16 328;18 187;24 794;37,0;2,8;6,2;;;;;;;;;;;
119;NUTS 3;   Ave;210 845;3 344 206;3 050 677;15 861;5 017;7 465;8 280;8 600;9 703;11 360;13 634;16 800;18 529;21 149;30 101;4 976;7 433;8 257;8 579;9 387;10 951;13 131;16 142;17 788;20 016;27 078;37,4;2,7;5,4;;;;;;;;;;;
0304;Município;Cabeceiras de Basto;6 939;93 567;86 869;13 484;3 749;6 116;7 000;7 766;8 561;9 636;11 465;14 431;16 333;18 342;26 684;3 704;6 047;6 994;7 707;8 537;9 393;11 084;13 868;15 692;17 580;24 420;38,0;2,9;6,6;;;;;;;;;;;
0307;Município;Fafe;24 542;352 688;325 295;14 371;4 236;6 603;7 526;8 241;8 930;10 303;12 214;15 201;16 949;18 884;27 473;4 200;6 590;7 495;8 212;8 900;10 000;11 794;14 603;16 424;18 134;25 068;38,0;2,8;6,0;;;;;;;;;;;
0308;Município;Guimarães;80 798;1 328 385;1 203 522;16 441;5 459;7 800;8 400;8 744;9 890;11 631;13 954;17 025;18 852;21 354;30 731;5 430;7 784;8 400;8 722;9 555;11 188;13 435;16 471;18 050;20 280;27 505;37,4;2,6;5,1;;;;;;;;;;;
1705;Município;Mondim de Basto;2 946;37 050;34 557;12 576;3 839;5 875;6 742;7 425;8 400;9 190;10 599;13 153;15 381;17 348;24 636;3 821;5 852;6 692;7 394;8 400;9 146;10 336;12 677;14 640;16 517;22 271;36,7;2,8;5,8;;;;;;;;;;;
0309;Município;Póvoa de Lanhoso;9 585;132 001;122 670;13 772;3 934;6 540;7 442;8 219;8 945;10 251;12 121;14 934;16 800;18 551;26 096;3 908;6 523;7 407;8 203;8 919;9 935;11 649;14 336;16 172;17 838;23 919;36,8;2,7;6,1;;;;;;;;;;;
0311;Município;Vieira do Minho;5 419;72 281;66 952;13 339;3 792;5 870;6 780;7 582;8 600;9 736;11 449;14 365;16 311;18 615;26 129;3 782;5 826;6 780;7 557;8 595;9 505;11 075;13 718;15 450;17 669;23 785;37,7;3,0;6,3;;;;;;;;;;;
0312;Município;Vila Nova de Famalicão;68 178;1 143 754;1 039 555;16 776;5 406;7 879;8 429;8 959;10 322;12 148;14 594;17 836;20 118;22 801;32 449;5 398;7 846;8 411;8 938;9 946;11 666;13 990;17 137;19 082;21 462;28 723;37,1;2,7;5,3;;;;;;;;;;;
0314;Município;Vizela;12 438;184 480;171 256;14 832;5 459;7 800;8 390;8 636;9 539;11 115;13 321;16 199;17 595;19 320;26 440;5 455;7 786;8 379;8 614;9 237;10 740;12 865;15 671;17 202;18 594;24 451;34,6;2,4;4,5;;;;;;;;;;;
11A;NUTS 3;   A. M. Porto;886 569;16 961 288;14 803 992;19 131;4 856;7 479;8 400;8 890;10 463;12 529;15 465;19 666;22 526;26 084;39 094;4 813;7 440;8 365;8 851;10 085;11 979;14 613;18 314;20 765;23 546;33 034;41,4;3,2;6,9;;;;;;;;;;;
0104;Município;Arouca;10 137;146 567;135 486;14 459;4 631;6 838;7 753;8 400;9 222;10 611;12 582;15 612;17 361;19 612;27 578;4 601;6 803;7 722;8 373;9 151;10 316;12 120;14 937;16 780;18 691;25 065;36,4;2,7;5,4;;;;;;;;;;;
0107;Município;Espinho;16 029;299 339;261 889;18 675;4 919;7 457;8 400;8 877;10 290;12 175;14 870;18 874;21 767;25 516;38 965;4 852;7 378;8 361;8 832;9 947;11 682;14 090;17 644;20 065;23 148;32 740;41,0;3,1;6,7;;;;;;;;;;;
1304;Município;Gondomar;82 984;1 417 811;1 277 068;17 085;4 727;7 352;8 309;8 777;10 211;12 088;14 726;18 493;21 053;24 003;34 241;4 697;7 323;8 281;8 750;9 889;11 601;14 000;17 432;19 636;22 096;30 028;38,8;3,0;6,4;;;;;;;;;;;
1306;Município;Maia;67 664;1 457 576;1 264 529;21 541;5 453;8 181;8 827;9 646;11 712;14 476;18 187;23 461;26 749;30 867;45 516;5 408;8 129;8 786;9 340;11 216;13 680;17 025;21 459;24 093;27 276;37 974;41,1;3,4;7,0;;;;;;;;;;;
1308;Município;Matosinhos;89 442;1 911 893;1 642 450;21 376;5 272;8 009;8 717;9 487;11 442;14 006;17 364;22 315;25 489;29 625;44 685;5 229;7 958;8 679;9 188;10 994;13 293;16 268;20 401;22 939;26 169;36 868;41,8;3,3;7,1;;;;;;;;;;;
0113;Município;Oliveira de Azeméis;34 799;598 589;539 993;17 201;5 501;7 882;8 499;9 044;10 496;12 204;14 569;18 125;20 673;23 492;32 722;5 463;7 879;8 481;9 014;10 099;11 704;13 907;17 202;19 439;21 980;29 089;37,4;2,8;5,3;;;;;;;;;;;
1310;Município;Paredes;41 216;566 492;524 100;13 744;3 350;6 082;7 181;7 980;8 737;10 004;11 817;14 853;16 654;18 659;26 615;3 324;6 043;7 146;7 954;8 713;9 705;11 377;14 210;16 108;17 799;24 438;39,0;2,9;7,4;;;;;;;;;;;
1312;Município;Porto;125 053;3 122 097;2 528 726;24 966;4 577;7 307;8 398;9 044;11 066;13 918;18 090;24 661;29 064;34 810;55 512;4 506;7 221;8 322;8 970;10 568;13 063;16 556;21 635;24 780;28 864;43 517;47,3;4,0;9,7;;;;;;;;;;;
1313;Município;Póvoa de Varzim;31 820;542 884;483 570;17 061;4 271;6 649;7 615;8 400;9 438;11 284;13 943;17 499;20 037;23 315;34 617;4 224;6 600;7 567;8 381;9 156;10 888;13 320;16 705;18 844;21 573;30 068;41,4;3,3;7,1;;;;;;;;;;;
0109;Município;Santa Maria da Feira;68 885;1 136 427;1 029 381;16 497;4 926;7 363;8 251;8 701;10 010;11 694;13 990;17 322;19 744;22 619;31 873;4 885;7 323;8 221;8 674;9 682;11 220;13 375;16 570;18 621;21 149;28 387;38,1;2,9;5,8;;;;;;;;;;;
1314;Município;Santo Tirso;35 749;575 365;523 885;16 095;5 483;7 818;8 400;8 821;9 996;11 600;13 725;16 677;18 494;21 184;30 392;5 483;7 791;8 400;8 800;9 654;11 169;13 223;15 963;17 606;20 004;27 214;36,6;2,6;5,0;;;;;;;;;;;
0116;Município;São João da Madeira;12 073;212 671;189 470;17 615;5 001;7 503;8 358;8 806;10 174;11 875;14 384;18 040;20 773;23 872;35 210;4 951;7 479;8 328;8 776;9 829;11 369;13 751;17 197;19 460;21 976;30 592;39,7;2,9;6,2;;;;;;;;;;;
1318;Município;Trofa;19 667;327 548;297 046;16 655;5 366;7 856;8 448;9 001;10 426;12 191;14 564;17 805;20 007;22 715;31 504;5 315;7 809;8 421;8 972;10 026;11 670;13 838;16 922;18 993;21 280;28 141;36,7;2,7;5,3;;;;;;;;;;;
0119;Município;Vale de Cambra;11 053;189 516;171 722;17 146;5 476;7 820;8 494;9 088;10 507;12 193;14 773;18 180;20 770;23 703;33 105;5 459;7 784;8 469;9 051;10 136;11 712;14 021;17 155;19 481;22 080;29 531;37,2;2,8;5,4;;;;;;;;;;;
1315;Município;Valongo;47 518;824 575;743 559;17 353;4 796;7 529;8 400;8 914;10 468;12 439;15 250;19 049;21 647;24 639;34 810;4 760;7 500;8 397;8 884;10 105;11 923;14 443;17 937;20 128;22 610;30 510;38,5;3,0;6,4;;;;;;;;;;;
1316;Município;Vila do Conde;40 296;722 254;643 129;17 924;4 911;7 306;8 269;8 697;10 119;12 190;14 973;18 598;21 297;24 481;35 840;4 886;7 267;8 240;8 680;9 816;11 720;14 236;17 587;19 897;22 534;31 123;40,1;3,1;6,4;;;;;;;;;;;
1317;Município;Vila Nova de Gaia;152 184;2 909 682;2 547 989;19 120;4 900;7 591;8 400;9 017;10 670;12 770;15 743;20 016;22 852;26 273;39 121;4 855;7 548;8 400;8 977;10 291;12 203;14 854;18 597;20 989;23 726;33 045;40,8;3,1;6,8;;;;;;;;;;;
11B;NUTS 3;   Alto Tâmega;38 703;558 796;508 174;14 438;3 651;5 748;6 600;7 429;8 674;9 902;11 891;15 186;17 309;20 140;29 662;3 600;5 748;6 551;7 377;8 639;9 643;11 443;14 391;16 401;18 817;26 357;40,4;3,3;7,3;;;;;;;;;;;
1702;Município;Boticas;2 267;28 729;26 785;12 673;3 635;5 508;6 191;6 974;8 400;9 306;10 703;13 108;14 817;17 120;23 981;3 533;5 494;6 180;6 867;8 400;9 156;10 317;12 684;14 201;16 450;22 357;38,8;3,0;6,3;;;;;;;;;;;
1703;Município;Chaves;17 490;284 511;254 879;16 267;3 858;6 082;7 089;8 077;9 167;10 828;13 507;17 408;20 093;23 327;34 501;3 794;6 009;7 037;8 012;9 131;10 471;12 887;16 463;18 764;21 199;29 653;41,4;3,5;7,8;;;;;;;;;;;
1706;Município;Montalegre;4 360;56 743;51 934;13 015;3 600;5 449;6 180;6 820;8 375;9 285;10 853;13 500;15 403;17 922;26 292;3 475;5 370;6 103;6 780;8 290;9 151;10 499;12 859;14 559;16 955;23 336;39,4;3,2;6,7;;;;;;;;;;;
1709;Município;Ribeira de Pena;2 766;35 618;32 934;12 877;3 690;5 905;6 780;7 501;8 607;9 577;11 096;13 270;15 127;17 220;24 783;3 600;5 852;6 733;7 450;8 563;9 350;10 618;12 659;14 327;16 318;23 006;37,4;2,8;6,4;;;;;;;;;;;
1712;Município;Valpaços;6 503;79 773;74 069;12 267;3 165;5 414;5 905;6 550;8 095;9 100;10 430;12 787;14 734;17 073;24 674;3 111;5 382;5 852;6 540;8 049;9 034;10 191;12 266;13 982;16 099;22 377;39,0;3,0;7,2;;;;;;;;;;;
1713;Município;Vila Pouca de Aguiar;5 317;73 421;67 573;13 809;3 802;6 022;6 789;7 599;8 668;9 739;11 621;14 614;16 519;18 756;27 215;3 759;6 004;6 780;7 531;8 634;9 521;11 192;13 954;15 620;17 699;24 811;38,6;2,9;6,6;;;;;;;;;;;
11C;NUTS 3;   Tâmega e Sousa;194 475;2 644 195;2 454 055;13 597;3 934;6 320;7 220;7 990;8 701;9 865;11 708;14 686;16 507;18 207;25 803;3 934;6 300;7 201;7 966;8 684;9 606;11 336;14 098;15 911;17 544;23 706;37,5;2,8;6,0;;;;;;;;;;;
1301;Município;Amarante;24 676;348 339;319 097;14 117;3 562;5 958;6 947;7 679;8 620;9 720;11 511;14 640;16 800;19 107;28 260;3 529;5 929;6 910;7 652;8 604;9 486;11 185;14 063;16 095;18 118;25 485;40,0;3,1;7,2;;;;;;;;;;;
1302;Município;Baião;7 796;101 113;94 375;12 970;4 004;6 246;7 094;7 841;8 677;9 783;11 551;14 301;16 101;17 879;24 630;3 973;6 225;7 058;7 806;8 664;9 570;11 200;13 679;15 146;17 071;22 584;35,5;2,7;5,7;;;;;;;;;;;
0106;Município;Castelo de Paiva;7 434;98 653;92 620;13 270;4 282;6 782;7 652;8 313;9 042;10 193;12 020;14 691;16 557;18 372;24 393;4 282;6 780;7 642;8 297;9 034;9 869;11 628;14 107;15 898;17 595;22 573;34,7;2,6;5,3;;;;;;;;;;;
0305;Município;Celorico de Basto;7 734;96 637;90 342;12 495;3 600;5 759;6 769;7 479;8 425;9 298;10 809;13 268;15 015;16 821;23 618;3 524;5 748;6 707;7 474;8 414;9 151;10 441;12 771;14 343;16 275;21 756;36,8;2,8;6,2;;;;;;;;;;;
1804;Município;Cinfães;7 917;94 431;88 369;11 928;2 977;5 428;6 178;6 862;8 108;8 955;10 257;12 524;14 104;16 176;23 451;2 977;5 416;6 162;6 845;8 083;8 935;10 036;12 010;13 504;15 492;21 538;38,7;2,9;7,2;;;;;;;;;;;
1303;Município;Felgueiras;28 309;393 844;365 882;13 912;4 682;7 002;7 854;8 396;8 919;10 125;11 999;15 000;16 797;18 294;25 551;4 682;6 974;7 830;8 380;8 891;9 795;11 611;14 423;16 312;17 750;23 617;35,7;2,5;5,0;;;;;;;;;;;
1305;Município;Lousada;23 274;313 531;293 727;13 471;4 162;6 616;7 479;8 158;8 724;10 005;12 031;15 145;16 701;18 168;25 194;4 140;6 600;7 470;8 140;8 707;9 731;11 644;14 592;16 260;17 612;23 348;36,3;2,7;5,6;;;;;;;;;;;
1307;Município;Marco de Canaveses;22 619;295 786;275 074;13 077;3 158;5 748;6 731;7 554;8 491;9 597;11 378;14 000;15 862;17 723;25 346;3 130;5 748;6 710;7 526;8 479;9 361;11 012;13 436;15 196;17 068;23 340;38,8;3,0;7,5;;;;;;;;;;;
1309;Município;Paços de Ferreira;26 883;363 953;339 964;13 538;4 282;6 705;7 558;8 194;8 711;9 996;11 852;15 023;16 536;17 728;24 864;4 282;6 662;7 538;8 178;8 692;9 696;11 485;14 400;16 169;17 286;23 109;36,0;2,6;5,4;;;;;;;;;;;
1311;Município;Penafiel;33 489;484 356;445 103;14 463;4 103;6 522;7 410;8 180;8 954;10 328;12 363;15 640;17 237;19 491;27 588;4 083;6 502;7 381;8 152;8 926;10 012;11 916;14 921;16 701;18 528;25 068;38,3;2,8;6,1;;;;;;;;;;;
1813;Município;Resende;4 344;53 553;49 502;12 328;2 733;4 927;5 804;6 600;8 033;8 901;10 080;12 284;14 005;16 490;24 390;2 701;4 922;5 795;6 600;8 022;8 891;9 841;11 863;13 543;15 713;22 792;41,2;3,2;8,4;;;;;;;;;;;
11D;NUTS 3;   Douro;85 275;1 346 271;1 215 651;15 787;3 956;6 180;7 068;7 935;9 011;10 538;12 887;16 663;19 000;22 149;33 121;3 934;6 180;7 032;7 887;8 974;10 235;12 365;15 812;17 906;20 549;28 904;41,1;3,3;7,3;;;;;;;;;;;
1701;Município;Alijó;5 168;67 102;62 206;12 984;3 600;5 668;6 321;7 010;8 400;9 473;11 130;13 951;15 980;18 335;26 010;3 579;5 636;6 302;7 000;8 400;9 236;10 739;13 380;15 206;17 363;23 710;38,3;3,1;6,6;;;;;;;;;;;
1801;Município;Armamar;2 368;32 150;29 780;13 577;3 651;5 850;6 704;7 342;8 502;9 730;11 474;14 281;16 257;18 379;27 466;3 628;5 776;6 684;7 292;8 494;9 467;11 045;13 789;15 722;17 474;24 937;39,2;3,0;6,9;;;;;;;;;;;
0403;Município;Carrazeda de Ansiães;2 446;32 927;30 443;13 461;3 600;5 749;6 540;7 153;8 410;9 519;11 348;14 134;16 421;18 940;27 938;3 587;5 748;6 530;7 100;8 400;9 352;11 055;13 465;15 378;17 909;24 745;39,5;3,1;6,9;;;;;;;;;;;
0404;Município;Freixo de Espada à Cinta;1 594;21 862;20 270;13 715;4 608;6 188;7 005;7 826;8 892;10 032;11 998;14 892;16 800;19 001;26 044;4 543;6 180;6 993;7 812;8 891;9 789;11 555;14 165;15 937;18 057;23 878;36,2;2,9;5,3;;;;;;;;;;;
1805;Município;Lamego;11 404;187 494;167 980;16 441;4 071;6 298;7 200;8 101;9 155;10 681;13 163;17 401;19 893;23 471;35 107;4 035;6 285;7 200;8 077;9 120;10 399;12 606;16 515;18 624;21 428;30 089;41,6;3,4;7,5;;;;;;;;;;;
1704;Município;Mesão Frio;1 737;22 224;20 670;12 794;3 585;5 689;6 440;7 331;8 532;9 521;10 801;13 162;15 120;17 557;24 876;3 585;5 689;6 428;7 327;8 521;9 267;10 459;12 792;14 376;16 818;22 851;37,9;3,0;6,4;;;;;;;;;;;
1807;Município;Moimenta da Beira;3 838;57 345;52 585;14 941;3 736;6 237;7 248;8 072;9 096;10 800;13 123;16 546;18 386;21 054;29 935;3 667;6 207;7 200;8 000;9 065;10 509;12 600;15 762;17 620;19 841;26 847;39,1;3,2;7,3;;;;;;;;;;;
1707;Município;Murça;2 446;32 376;29 864;13 236;3 536;5 459;6 066;6 941;8 399;9 529;11 266;13 998;16 204;18 869;27 613;3 518;5 457;6 052;6 898;8 375;9 344;10 967;13 493;15 382;17 780;24 597;39,4;3,3;7,0;;;;;;;;;;;
1812;Município;Penedono;1 252;16 405;15 079;13 103;//;//;//;//;//;//;//;//;//;//;//;//;//;//;//;//;//;//;//;//;//;//;//;//;//;;;;;;;;;;;
1708;Município;Peso da Régua;7 064;107 945;97 764;15 281;3 980;6 180;7 085;7 889;8 927;10 430;12 597;15 945;18 242;21 343;32 061;3 940;6 180;7 047;7 881;8 897;10 131;12 112;15 123;17 335;19 908;28 056;40,1;3,2;7,1;;;;;;;;;;;
1710;Município;Sabrosa;2 644;36 407;33 861;13 770;4 158;6 180;6 932;7 845;8 889;10 244;12 038;14 766;16 692;18 569;26 201;4 100;6 180;6 873;7 827;8 870;9 987;11 652;14 087;15 898;17 806;23 939;37,3;2,9;5,8;;;;;;;;;;;
1711;Município;Santa Marta de Penaguião;3 222;39 129;36 531;12 144;2 960;5 390;5 805;6 367;7 751;8 890;10 200;12 817;14 495;16 833;23 997;2 930;5 348;5 800;6 367;7 710;8 872;10 030;12 217;13 840;16 104;22 311;40,1;3,0;7,6;;;;;;;;;;;
1815;Município;São João da Pesqueira;3 052;41 006;37 610;13 436;3 612;5 519;6 263;6 930;8 348;9 487;11 183;13 813;16 097;18 241;26 197;3 603;5 479;6 195;6 872;8 310;9 200;10 840;13 252;15 054;17 329;24 012;39,9;3,2;6,7;;;;;;;;;;;
1818;Município;Sernancelhe;2 183;29 274;27 077;13 410;4 200;6 338;7 168;7 839;8 695;9 754;11 133;14 046;16 415;17 832;24 911;4 021;6 289;7 146;7 820;8 657;9 484;10 772;13 429;15 600;17 298;22 826;37,0;2,8;5,7;;;;;;;;;;;
1819;Município;Tabuaço;2 027;27 551;25 337;13 592;3 778;5 748;6 523;7 325;8 559;9 675;11 521;14 162;16 008;18 248;25 995;3 718;5 748;6 477;7 312;8 525;9 443;11 121;13 648;15 280;17 553;23 145;39,0;3,1;6,2;;;;;;;;;;;
1820;Município;Tarouca;2 891;40 744;37 769;14 093;3 882;6 315;7 205;8 097;8 944;10 088;12 202;15 720;17 619;19 721;27 590;3 857;6 249;7 200;8 065;8 891;9 832;11 788;14 949;16 998;18 679;25 013;38,0;3,0;6,5;;;;;;;;;;;
0409;Município;Torre de Moncorvo;3 304;47 361;43 242;14 334;3 934;6 059;6 942;7 859;8 890;10 369;12 298;15 251;17 301;19 878;27 972;3 934;6 050;6 894;7 799;8 881;9 995;11 707;14 434;16 522;18 357;25 055;38,6;3,0;6,4;;;;;;;;;;;
0914;Município;Vila Nova de Foz Côa;3 084;43 633;39 752;14 148;3 459;5 707;6 494;7 278;8 635;10 044;12 224;15 091;16 857;19 821;29 309;3 402;5 647;6 456;7 245;8 575;9 682;11 667;14 316;15 943;18 311;25 938;40,1;3,2;7,6;;;;;;;;;;;
1714;Município;Vila Real;23 551;463 336;407 831;19 674;4 682;7 192;8 216;8 732;10 339;12 594;16 364;21 563;24 702;28 718;42 880;4 650;7 141;8 157;8 686;10 008;12 093;15 501;20 001;22 563;25 803;35 945;42,2;3,6;7,7;;;;;;;;;;;
11E;NUTS 3;   Terras de Trás-os-Montes;50 974;837 031;753 040;16 421;4 200;6 344;7 269;8 180;9 267;10 967;13 699;17 775;20 424;23 510;34 295;4 140;6 298;7 230;8 139;9 151;10 615;13 117;16 821;19 038;21 455;29 944;40,7;3,4;7,2;;;;;;;;;;;
0401;Município;Alfândega da Fé;2 093;29 176;26 774;13 940;3 963;5 849;6 618;7 415;8 616;9 682;11 339;14 497;16 472;18 947;28 661;3 936;5 788;6 599;7 365;8 586;9 407;11 070;13 965;15 603;17 876;25 846;39,2;3,1;6,6;;;;;;;;;;;
0402;Município;Bragança;16 622;319 947;282 212;19 248;4 421;7 170;8 213;8 788;10 482;12 976;16 802;21 855;24 400;27 846;40 821;4 364;7 111;8 173;8 753;10 127;12 413;15 828;20 071;22 208;25 007;34 317;41,3;3,5;7,9;;;;;;;;;;;
0405;Município;Macedo de Cavaleiros;6 556;96 699;87 890;14 750;3 656;5 830;6 545;7 395;8 616;9 793;11 860;15 328;17 461;20 549;30 722;3 600;5 763;6 540;7 368;8 609;9 572;11 423;14 697;16 679;19 057;26 931;41,3;3,3;7,5;;;;;;;;;;;
0406;Município;Miranda do Douro;3 248;51 815;47 117;15 953;4 529;6 540;7 448;8 307;9 501;11 389;14 495;18 182;20 204;22 917;32 495;4 432;6 538;7 390;8 277;9 252;10 940;13 719;17 103;19 010;20 769;28 520;38,5;3,2;6,4;;;;;;;;;;;
0407;Município;Mirandela;9 945;163 508;147 596;16 441;4 291;6 508;7 407;8 293;9 353;11 142;13 868;17 718;20 369;23 449;34 530;4 268;6 455;7 340;8 255;9 159;10 779;13 264;16 845;18 962;21 471;30 278;40,3;3,3;7,1;;;;;;;;;;;
0408;Município;Mogadouro;4 018;60 536;54 928;15 066;4 336;6 256;7 154;7 871;8 794;10 147;12 353;16 101;18 301;21 064;30 797;4 282;6 191;7 100;7 823;8 737;9 939;11 873;15 190;17 254;19 354;26 787;39,5;3,1;6,3;;;;;;;;;;;
0410;Município;Vila Flor;2 718;37 966;34 896;13 968;3 864;5 999;6 773;7 444;8 685;9 882;11 695;14 504;16 736;18 979;28 457;3 845;5 934;6 734;7 378;8 652;9 647;11 270;13 937;15 861;18 046;25 234;39,3;3,0;6,6;;;;;;;;;;;
0411;Município;Vimioso;2 038;28 108;25 852;13 792;3 689;5 977;6 604;7 484;8 568;9 723;11 682;14 827;16 808;19 347;27 291;3 579;5 852;6 600;7 409;8 508;9 489;11 193;14 034;15 740;18 123;24 753;39,1;3,1;6,9;;;;;;;;;;;
0412;Município;Vinhais;3 736;49 277;45 774;13 190;4 282;6 004;6 605;7 302;8 511;9 586;11 210;13 877;16 114;18 590;25 567;4 231;5 983;6 600;7 243;8 494;9 403;10 931;13 496;15 347;17 507;23 316;36,9;2,9;5,5;;;;;;;;;;;
16;NUTS 2;  Centro;1 105 082;19 743 890;17 637 929;17 866;5 120;7 556;8 400;8 934;10 405;12 368;15 204;19 130;21 786;24 942;35 840;5 072;7 511;8 400;8 896;10 042;11 836;14 399;17 946;20 242;22 849;31 122;39,0;3,0;6,1;;;;;;;;;;;
16B;NUTS 3;   Oeste;182 726;3 142 853;2 819 716;17 200;4 848;7 256;8 223;8 727;10 089;11 935;14 638;18 346;20 947;23 934;34 369;4 801;7 223;8 176;8 694;9 767;11 447;13 884;17 289;19 486;22 053;30 094;39,1;3,1;6,3;;;;;;;;;;;
1001;Município;Alcobaça;27 682;452 789;412 083;16 357;5 392;7 683;8 400;8 875;10 202;11 925;14 365;17 645;19 912;22 650;31 191;5 359;7 652;8 400;8 843;9 863;11 418;13 666;16 752;18 655;21 171;27 906;36,4;2,8;5,2;;;;;;;;;;;
1101;Município;Alenquer;22 173;395 002;355 455;17 815;5 362;7 802;8 575;9 187;10 778;12 804;15 644;19 649;22 225;25 164;35 184;5 316;7 777;8 546;9 151;10 386;12 199;14 701;18 321;20 666;23 167;30 839;37,8;3,0;5,8;;;;;;;;;;;
1102;Município;Arruda dos Vinhos;6 824;148 016;129 005;21 691;5 718;8 217;8 851;9 775;11 782;14 554;18 201;23 146;26 330;30 714;46 411;5 621;8 159;8 809;9 442;11 293;13 755;16 977;21 282;24 138;27 409;39 214;41,1;3,4;7,0;;;;;;;;;;;
1005;Município;Bombarral;6 116;97 499;88 190;15 942;4 680;6 858;7 800;8 400;9 583;11 182;13 488;16 773;18 878;21 998;31 040;4 614;6 816;7 721;8 400;9 310;10 799;12 882;15 828;17 785;20 503;27 535;38,7;3,0;6,0;;;;;;;;;;;
1104;Município;Cadaval;6 286;100 280;91 074;15 953;4 631;6 834;7 692;8 400;9 603;11 404;13 971;17 188;19 268;22 207;31 575;4 618;6 781;7 652;8 400;9 347;10 974;13 311;16 249;18 103;20 565;28 120;38,5;3,0;6,1;;;;;;;;;;;
1006;Município;Caldas da Rainha;26 493;457 005;407 687;17 250;4 517;7 000;7 949;8 526;9 822;11 685;14 390;18 324;21 017;23 963;35 341;4 457;6 951;7 876;8 480;9 551;11 254;13 680;17 213;19 452;21 967;30 625;40,3;3,2;6,9;;;;;;;;;;;
1108;Município;Lourinhã;12 975;211 614;190 729;16 309;4 282;6 775;7 716;8 407;9 635;11 405;13 829;17 363;19 702;22 845;33 081;4 219;6 710;7 676;8 400;9 374;10 993;13 214;16 443;18 421;21 042;28 992;39,6;3,1;6,9;;;;;;;;;;;
1011;Município;Nazaré;7 874;122 888;111 633;15 607;4 200;6 658;7 695;8 400;9 682;11 336;13 745;16 948;19 149;21 925;30 603;4 168;6 601;7 627;8 400;9 364;10 864;13 118;16 005;17 920;20 472;27 273;38,3;3,1;6,5;;;;;;;;;;;
1012;Município;Óbidos;5 834;97 932;88 130;16 787;4 463;6 964;7 874;8 434;9 797;11 572;14 157;17 671;20 160;22 960;33 228;4 354;6 881;7 828;8 400;9 474;11 115;13 487;16 819;18 890;21 457;29 589;40,1;3,1;6,8;;;;;;;;;;;
1014;Município;Peniche;13 303;219 758;198 885;16 519;4 757;7 242;8 130;8 680;10 030;11 795;14 361;17 933;20 300;23 249;32 685;4 707;7 219;8 081;8 635;9 692;11 370;13 753;17 030;19 086;21 357;28 757;38,1;3,0;6,1;;;;;;;;;;;
1112;Município;Sobral de Monte Agraço;5 172;93 868;83 601;18 149;5 081;7 457;8 400;8 900;10 280;12 398;15 387;19 562;21 961;25 164;37 053;5 025;7 414;8 400;8 870;9 983;11 801;14 544;18 177;20 481;22 968;32 128;39,8;3,1;6,4;;;;;;;;;;;
1113;Município;Torres Vedras;41 994;746 201;663 244;17 769;4 795;7 252;8 210;8 702;10 038;11 878;14 744;18 781;21 501;24 725;36 068;4 746;7 217;8 161;8 671;9 711;11 373;13 974;17 565;19 961;22 618;31 309;40,2;3,1;6,6;;;;;;;;;;;
16D;NUTS 3;   Região de Aveiro;185 358;3 389 886;3 016 489;18 288;5 020;7 587;8 400;9 011;10 557;12 578;15 412;19 551;22 267;25 456;36 839;4 982;7 539;8 400;8 975;10 188;11 990;14 557;18 292;20 690;23 321;31 821;39,6;3,1;6,4;;;;;;;;;;;
0101;Município;Águeda;23 868;410 123;371 507;17 183;5 459;7 812;8 449;8 960;10 262;12 034;14 452;18 115;20 601;23 512;33 030;5 450;7 782;8 420;8 932;9 928;11 553;13 835;17 251;19 501;21 950;29 445;37,9;2,8;5,4;;;;;;;;;;;
0102;Município;Albergaria-a-Velha;12 508;211 571;192 784;16 915;5 309;7 786;8 494;9 097;10 585;12 547;15 030;18 636;21 033;23 734;32 535;5 294;7 751;8 480;9 059;10 218;12 004;14 191;17 565;19 649;22 150;29 216;36,7;2,9;5,5;;;;;;;;;;;
0103;Município;Anadia;14 252;239 740;214 944;16 821;4 833;7 045;8 011;8 606;9 859;11 547;13 970;17 369;19 864;22 895;32 448;4 789;7 000;7 970;8 575;9 547;11 122;13 296;16 515;18 598;21 262;28 924;39,4;3,0;6,0;;;;;;;;;;;
0105;Município;Aveiro;41 538;907 674;780 854;21 852;5 356;8 127;8 865;9 671;11 673;14 355;18 249;23 669;27 110;31 280;46 413;5 296;8 076;8 827;9 354;11 137;13 538;16 889;21 586;24 231;27 466;38 267;41,5;3,4;7,2;;;;;;;;;;;
0108;Município;Estarreja;13 248;225 375;203 866;17 012;4 915;7 367;8 400;8 977;10 436;12 340;14 896;18 644;21 088;24 011;33 246;4 872;7 332;8 390;8 949;10 045;11 762;14 093;17 518;19 737;22 216;29 530;37,9;3,0;6,1;;;;;;;;;;;
0110;Município;Ílhavo;19 760;376 466;332 413;19 052;4 693;7 542;8 424;9 123;10 860;13 080;16 208;20 780;23 594;26 919;39 201;4 682;7 496;8 400;9 064;10 458;12 406;15 231;19 218;21 660;24 310;33 403;40,3;3,2;7,1;;;;;;;;;;;
0112;Município;Murtosa;4 714;75 971;68 377;16 116;3 213;5 850;7 025;8 141;9 380;11 233;13 798;17 470;20 173;22 974;34 322;3 168;5 763;6 942;8 107;9 155;10 801;13 029;16 585;18 901;21 331;29 561;41,7;3,7;9,3;;;;;;;;;;;
0114;Município;Oliveira do Bairro;11 019;183 333;167 218;16 638;5 009;7 347;8 257;8 746;10 074;11 894;14 625;18 536;20 874;23 496;32 933;4 980;7 286;8 216;8 719;9 741;11 409;13 896;17 599;19 635;22 037;29 103;37,9;3,0;5,8;;;;;;;;;;;
0115;Município;Ovar;28 129;503 682;451 261;17 906;5 161;7 725;8 434;9 090;10 647;12 591;15 248;19 120;21 778;24 940;35 849;5 124;7 679;8 400;9 048;10 255;11 990;14 458;17 977;20 322;22 966;31 188;38,7;3,0;6,1;;;;;;;;;;;
0117;Município;Sever do Vouga;5 642;88 618;81 323;15 707;4 938;7 258;8 139;8 684;10 053;11 614;13 869;17 150;19 508;22 279;30 244;4 866;7 239;8 111;8 652;9 753;11 225;13 207;16 228;18 278;20 866;27 290;36,4;2,9;5,6;;;;;;;;;;;
0118;Município;Vagos;10 680;167 332;151 943;15 668;4 400;6 816;7 816;8 404;9 649;11 155;13 429;16 750;18 828;21 552;30 141;4 369;6 780;7 772;8 400;9 358;10 752;12 822;15 911;17 810;20 319;27 057;38,3;3,0;6,2;;;;;;;;;;;
16E;NUTS 3;   Região de Coimbra;219 325;4 281 761;3 762 068;19 522;5 369;7 840;8 578;9 187;10 833;13 153;16 411;20 866;23 717;27 243;40 045;5 329;7 800;8 548;9 150;10 449;12 551;15 445;19 392;21 783;24 568;33 842;40,1;3,1;6,4;;;;;;;;;;;
0601;Município;Arganil;5 330;76 466;71 245;14 346;4 854;7 047;7 869;8 400;9 255;10 587;12 827;15 742;17 401;19 535;27 010;4 801;7 003;7 854;8 400;9 158;10 304;12 354;15 040;16 814;18 588;24 640;35,7;2,7;5,1;;;;;;;;;;;
0602;Município;Cantanhede;16 646;272 694;247 015;16 382;4 539;6 780;7 764;8 478;9 786;11 496;14 100;17 873;20 308;23 441;33 291;4 502;6 780;7 720;8 455;9 492;11 088;13 436;16 898;19 071;21 744;29 280;39,0;3,2;6,5;;;;;;;;;;;
0603;Município;Coimbra;73 351;1 790 721;1 509 025;24 413;5 859;8 486;9 239;10 179;12 500;15 689;20 197;26 097;30 056;35 251;53 101;5 806;8 441;9 151;9 825;11 918;14 724;18 597;23 306;26 232;30 003;42 676;42,1;3,6;7,4;;;;;;;;;;;
0604;Município;Condeixa-a-Nova;7 984;159 065;142 032;19 923;5 578;8 312;8 951;9 684;11 758;14 465;17 865;22 551;25 639;29 162;41 118;5 577;8 280;8 920;9 417;11 271;13 722;16 789;21 177;23 456;26 330;35 422;38,3;3,2;6,4;;;;;;;;;;;
0605;Município;Figueira da Foz;30 160;597 744;524 882;19 819;5 338;7 980;8 688;9 380;11 202;13 570;17 124;21 968;24 791;28 353;40 324;5 301;7 949;8 670;9 156;10 779;12 907;16 030;20 235;22 528;25 257;34 026;39,7;3,2;6,4;;;;;;;;;;;
0606;Município;Góis;1 886;26 981;25 074;14 306;4 916;7 064;7 821;8 400;9 456;10 707;12 929;15 881;17 603;19 419;27 224;4 903;6 973;7 800;8 400;9 165;10 430;12 362;15 228;16 773;18 436;24 876;34,9;2,6;5,1;;;;;;;;;;;
0607;Município;Lousã;8 147;139 550;126 746;17 129;5 032;7 647;8 433;9 002;10 500;12 608;15 861;19 589;21 866;24 509;33 805;4 985;7 615;8 400;8 976;10 135;12 076;14 934;18 435;20 422;22 602;29 606;37,2;3,0;5,9;;;;;;;;;;;
0111;Município;Mealhada;9 889;176 669;159 924;17 865;5 423;7 955;8 681;9 286;10 868;13 031;15 865;19 907;22 585;25 462;35 700;5 406;7 906;8 649;9 156;10 458;12 424;14 992;18 746;21 108;23 633;31 147;37,3;3,0;5,8;;;;;;;;;;;
0608;Município;Mira;5 756;94 687;84 993;16 450;4 593;6 739;7 817;8 453;9 618;11 422;13 754;17 216;19 413;22 692;33 395;4 544;6 663;7 770;8 421;9 340;10 943;13 050;16 244;18 212;20 880;29 185;39,6;3,1;6,4;;;;;;;;;;;
0609;Município;Miranda do Corvo;5 735;92 645;85 085;16 154;5 369;7 609;8 400;8 962;10 234;12 011;14 616;17 921;20 001;22 625;30 431;5 341;7 572;8 400;8 937;9 929;11 527;13 864;17 136;18 975;21 280;27 659;35,8;2,8;5,2;;;;;;;;;;;
0610;Município;Montemor-o-Velho;12 025;211 831;192 842;17 616;5 920;8 187;8 793;9 392;11 042;13 195;15 957;19 960;22 373;24 990;33 896;5 914;8 164;8 772;9 151;10 632;12 536;15 134;18 641;20 745;23 114;30 131;35,7;2,8;5,1;;;;;;;;;;;
1808;Município;Mortágua;4 420;67 550;62 061;15 283;4 780;7 200;8 158;8 720;9 819;11 353;13 430;16 613;18 634;21 054;28 868;4 737;7 194;8 141;8 688;9 500;10 977;12 815;15 704;17 642;19 784;26 088;36,4;2,7;5,5;;;;;;;;;;;
0611;Município;Oliveira do Hospital;9 251;136 858;127 015;14 794;5 215;7 299;8 091;8 509;9 384;10 804;13 059;16 526;18 051;20 191;28 006;5 183;7 251;8 078;8 494;9 151;10 470;12 668;15 860;17 504;19 270;25 594;35,4;2,7;4,9;;;;;;;;;;;
0612;Município;Pampilhosa da Serra;1 744;25 330;23 612;14 524;5 466;7 326;8 217;8 654;9 564;10 996;13 347;16 384;17 911;19 836;27 101;5 466;7 319;8 207;8 644;9 350;10 653;12 725;15 700;17 342;18 716;25 033;33,3;2,6;4,6;;;;;;;;;;;
0613;Município;Penacova;6 715;97 305;90 572;14 491;4 800;6 838;7 736;8 422;9 606;11 010;13 277;16 413;18 375;20 795;27 662;4 760;6 785;7 681;8 403;9 324;10 699;12 726;15 599;17 504;19 502;25 237;35,1;2,9;5,3;;;;;;;;;;;
0614;Município;Penela;2 674;40 380;36 941;15 101;4 682;6 700;7 498;8 310;9 220;10 566;12 957;16 549;18 690;21 237;29 330;4 603;6 661;7 479;8 280;9 151;10 315;12 464;15 634;17 714;19 958;26 655;37,6;3,0;5,8;;;;;;;;;;;
0615;Município;Soure;8 695;149 043;135 960;17 141;5 612;8 062;8 713;9 306;10 867;12 824;15 662;19 574;21 917;24 754;33 550;5 564;8 025;8 678;9 151;10 450;12 242;14 753;18 435;20 415;22 874;29 836;35,6;2,9;5,4;;;;;;;;;;;
0616;Município;Tábua;5 481;75 866;70 531;13 842;4 541;6 619;7 477;8 307;9 082;10 092;11 919;14 942;16 871;18 535;25 771;4 525;6 600;7 456;8 270;9 052;9 783;11 556;14 351;16 203;17 939;23 858;35,9;2,7;5,3;;;;;;;;;;;
0617;Município;Vila Nova de Poiares;3 436;50 379;46 514;14 662;4 282;6 738;7 612;8 400;9 364;10 969;12 901;16 284;18 231;20 979;28 963;4 265;6 708;7 599;8 400;9 151;10 476;12 313;15 376;17 406;19 759;26 269;37,0;2,9;6,2;;;;;;;;;;;
16F;NUTS 3;   Região de Leiria;143 821;2 587 603;2 319 316;17 992;5 380;7 908;8 612;9 223;10 837;12 891;15 670;19 626;22 254;25 404;35 416;5 328;7 868;8 574;9 151;10 430;12 274;14 765;18 255;20 654;23 224;31 049;37,9;3,0;5,8;;;;;;;;;;;
1002;Município;Alvaiázere;2 904;40 766;37 690;14 038;4 882;6 770;7 470;8 192;9 059;10 274;12 262;15 193;16 853;19 081;26 845;4 855;6 707;7 440;8 149;9 001;9 964;11 827;14 424;16 160;17 970;24 468;35,6;2,7;5,0;;;;;;;;;;;
1003;Município;Ansião;5 580;83 552;77 125;14 974;4 983;7 069;7 879;8 496;9 517;10 989;13 055;16 240;18 199;20 620;29 447;4 963;7 016;7 847;8 454;9 273;10 569;12 525;15 422;17 379;19 427;26 742;36,1;2,8;5,4;;;;;;;;;;;
1004;Município;Batalha;7 865;137 268;124 566;17 453;5 354;7 918;8 578;9 160;10 747;12 840;15 465;19 575;21 910;24 832;33 997;5 332;7 871;8 524;9 128;10 370;12 160;14 666;18 171;20 542;23 045;30 261;37,2;2,9;5,7;;;;;;;;;;;
1007;Município;Castanheira de Pêra;1 379;19 357;18 033;14 037;//;//;//;//;//;//;//;//;//;//;//;//;//;//;//;//;//;//;//;//;//;//;//;//;//;;;;;;;;;;;
1008;Município;Figueiró dos Vinhos;2 710;38 666;35 586;14 268;4 452;6 770;7 483;8 103;9 059;10 409;12 137;15 380;17 141;19 577;28 502;4 393;6 747;7 440;8 077;9 027;10 146;11 751;14 621;16 356;18 437;25 308;36,4;2,7;5,8;;;;;;;;;;;
1009;Município;Leiria;64 890;1 269 179;1 121 801;19 559;5 486;8 227;8 847;9 582;11 418;13 731;16 861;21 484;24 294;27 652;39 280;5 459;8 172;8 810;9 266;10 940;12 975;15 766;19 853;22 255;25 014;33 566;38,9;3,1;6,1;;;;;;;;;;;
1010;Município;Marinha Grande;20 760;391 300;349 026;18 849;5 526;8 358;9 024;9 858;11 728;14 008;16 866;21 004;23 565;26 888;36 766;5 516;8 324;8 994;9 500;11 184;13 232;15 728;19 365;21 640;24 302;32 009;37,1;2,9;5,8;;;;;;;;;;;
1013;Município;Pedrógão Grande;1 786;23 868;22 243;13 364;4 547;6 583;7 232;7 744;8 871;9 951;11 645;14 390;16 403;18 578;24 951;4 547;6 557;7 204;7 734;8 850;9 687;11 316;13 739;15 570;17 330;22 781;35,4;2,6;5,0;;;;;;;;;;;
1015;Município;Pombal;24 401;394 186;360 302;16 155;5 032;7 636;8 400;8 960;10 360;12 073;14 493;17 851;20 075;22 700;31 028;4 960;7 569;8 400;8 913;9 988;11 554;13 739;16 800;18 708;21 225;27 996;36,2;2,8;5,6;;;;;;;;;;;
1016;Município;Porto de Mós;11 546;189 460;172 942;16 409;5 504;7 916;8 527;9 000;10 302;11 951;14 490;17 757;20 242;22 881;31 356;5 489;7 883;8 495;8 965;9 973;11 477;13 765;16 776;18 911;21 362;28 176;35,9;2,7;5,1;;;;;;;;;;;
16G;NUTS 3;   Viseu Dão Lafões;115 875;2 002 894;1 802 356;17 285;4 980;7 396;8 361;8 824;10 117;11 983;14 767;18 583;21 077;24 156;34 597;4 940;7 354;8 330;8 797;9 806;11 496;14 054;17 594;19 746;22 273;30 145;38,9;3,0;6,1;;;;;;;;;;;
0901;Município;Aguiar da Beira;2 100;29 689;27 572;14 138;4 346;6 840;7 800;8 400;9 259;10 747;12 692;15 648;17 047;18 804;25 410;4 324;6 779;7 746;8 400;9 158;10 358;12 251;15 002;16 500;18 086;23 687;36,0;2,7;5,5;;;;;;;;;;;
1802;Município;Carregal do Sal;3 962;60 983;55 866;15 392;4 836;7 466;8 365;8 722;9 713;11 087;13 301;16 423;18 325;20 772;29 902;4 783;7 426;8 347;8 705;9 364;10 743;12 744;15 693;17 441;19 756;26 839;36,6;2,7;5,6;;;;;;;;;;;
1803;Município;Castro Daire;5 852;76 970;71 817;13 153;4 191;6 154;6 898;7 586;8 680;9 705;11 292;14 157;15 991;17 936;25 386;4 147;6 129;6 869;7 548;8 661;9 548;10 989;13 585;15 273;17 146;23 226;36,6;2,8;5,6;;;;;;;;;;;
1806;Município;Mangualde;8 521;141 473;128 811;16 603;5 342;7 676;8 430;8 962;10 317;12 222;15 093;18 390;20 435;23 262;31 214;5 280;7 644;8 400;8 942;10 030;11 715;14 367;17 441;19 207;21 646;27 913;36,5;2,8;5,3;;;;;;;;;;;
1809;Município;Nelas;6 232;103 650;94 206;16 632;5 136;7 421;8 313;8 853;10 055;11 878;14 518;18 221;20 667;23 309;31 903;5 093;7 399;8 281;8 840;9 755;11 391;13 799;17 321;19 333;21 908;28 318;37,6;3,0;5,6;;;;;;;;;;;
1810;Município;Oliveira de Frades;4 580;69 669;64 295;15 212;4 967;7 395;8 321;8 760;9 880;11 348;13 390;16 773;18 846;21 564;29 269;4 927;7 359;8 297;8 750;9 562;10 899;12 787;15 851;17 899;20 235;26 767;35,5;2,7;5,4;;;;;;;;;;;
1811;Município;Penalva do Castelo;3 133;44 074;41 118;14 068;4 500;6 534;7 515;8 340;9 194;10 507;12 529;15 868;17 575;19 804;27 098;4 450;6 510;7 487;8 322;9 151;10 218;12 019;15 096;16 917;18 715;24 854;35,9;2,9;5,6;;;;;;;;;;;
1814;Município;Santa Comba Dão;5 153;81 116;74 288;15 742;5 143;7 324;8 240;8 689;9 800;11 502;13 714;17 199;19 258;21 865;30 802;5 095;7 298;8 216;8 680;9 515;11 048;13 183;16 204;18 112;20 467;27 353;36,3;2,8;5,4;;;;;;;;;;;
1816;Município;São Pedro do Sul;6 939;104 147;95 490;15 009;4 682;6 815;7 755;8 400;9 366;10 716;12 760;15 974;17 828;20 318;29 100;4 679;6 780;7 701;8 400;9 155;10 399;12 298;15 303;17 003;19 319;26 035;37,5;2,8;5,6;;;;;;;;;;;
1817;Município;Sátão;4 979;73 334;67 546;14 729;4 200;6 462;7 444;8 280;9 174;10 601;12 881;16 320;18 096;20 473;28 664;4 131;6 394;7 337;8 240;9 151;10 350;12 422;15 666;17 361;19 364;26 059;37,9;3,0;6,3;;;;;;;;;;;
1821;Município;Tondela;12 176;196 638;179 438;16 150;5 406;7 722;8 439;8 965;10 342;11 982;14 216;17 430;19 735;22 439;30 633;5 381;7 690;8 422;8 944;9 998;11 409;13 496;16 609;18 533;20 912;27 464;35,9;2,7;5,1;;;;;;;;;;;
1822;Município;Vila Nova de Paiva;1 831;27 059;24 857;14 778;4 292;6 650;7 652;8 329;9 138;10 542;12 779;16 288;18 405;20 707;29 181;4 282;6 602;7 570;8 313;9 111;10 216;12 181;15 400;17 546;19 520;26 999;37,8;3,0;6,3;;;;;;;;;;;
1823;Município;Viseu;46 052;928 446;816 518;20 161;5 229;7 928;8 634;9 247;11 044;13 522;17 212;22 050;25 019;28 793;42 294;5 199;7 882;8 613;9 152;10 646;12 906;16 246;20 489;22 858;25 797;35 594;40,6;3,3;6,8;;;;;;;;;;;
1824;Município;Vouzela;4 365;65 646;60 534;15 039;5 165;7 303;8 159;8 728;9 690;11 183;13 352;16 537;18 623;20 979;28 021;5 144;7 254;8 118;8 679;9 404;10 731;12 799;15 702;17 803;19 802;25 602;35,2;2,7;5,0;;;;;;;;;;;
16H;NUTS 3;   Beira Baixa;40 206;705 570;632 069;17 549;5 301;7 642;8 400;8 918;10 326;12 266;15 051;19 037;21 607;24 525;34 825;5 263;7 598;8 400;8 891;9 993;11 750;14 256;17 801;20 015;22 455;30 307;38,3;3,0;5,8;;;;;;;;;;;
0502;Município;Castelo Branco;26 409;502 257;445 076;19 018;5 455;8 061;8 687;9 280;10 960;13 165;16 500;21 086;23 715;26 883;38 245;5 415;8 016;8 657;9 151;10 564;12 582;15 443;19 533;21 774;24 250;32 586;38,8;3,0;6,0;;;;;;;;;;;
0505;Município;Idanha-a-Nova;4 216;60 563;55 910;14 365;5 075;7 097;7 847;8 401;9 263;10 587;12 591;15 485;17 525;19 649;26 024;5 049;7 037;7 821;8 400;9 154;10 248;12 011;14 646;16 425;18 272;23 966;35,0;2,6;4,7;;;;;;;;;;;
0506;Município;Oleiros;2 335;33 591;31 074;14 386;4 863;6 780;7 509;8 198;9 101;10 414;12 278;15 017;16 901;18 845;27 544;4 847;6 780;7 483;8 160;9 051;10 193;11 794;14 339;16 381;17 983;25 137;36,6;2,7;5,2;;;;;;;;;;;
0507;Município;Penamacor;2 191;31 016;28 606;14 156;4 848;7 016;7 864;8 420;9 346;10 759;12 520;15 146;17 188;19 132;26 037;4 794;7 010;7 825;8 400;9 154;10 430;12 076;14 412;16 075;17 816;23 862;34,6;2,5;5,0;;;;;;;;;;;
0508;Município;Proença-a-Nova;3 398;51 504;47 078;15 157;4 682;6 864;7 651;8 400;9 360;10 933;13 326;16 821;18 647;21 305;30 029;4 682;6 840;7 629;8 400;9 151;10 559;12 700;15 998;17 723;19 559;25 978;37,2;2,9;5,5;;;;;;;;;;;
0511;Município;Vila Velha de Ródão;1 657;26 639;24 325;16 077;5 595;8 001;8 610;9 029;10 541;12 372;14 953;18 045;20 410;23 070;30 222;5 578;7 972;8 578;9 014;10 187;11 810;14 056;16 946;18 970;21 393;26 828;34,0;2,7;4,8;;;;;;;;;;;
16I;NUTS 3;   Médio Tejo;115 198;1 957 020;1 767 500;16 988;5 140;7 493;8 400;8 878;10 240;12 117;14 713;18 426;20 980;23 978;34 105;5 099;7 477;8 374;8 853;9 907;11 613;13 974;17 345;19 568;22 113;29 842;37,8;3,0;5,9;;;;;;;;;;;
1401;Município;Abrantes;17 593;301 108;271 598;17 115;5 439;7 652;8 400;8 966;10 320;12 094;14 530;18 182;20 795;23 874;34 914;5 420;7 652;8 400;8 953;9 988;11 605;13 834;17 092;19 384;21 987;30 231;37,6;2,9;5,6;;;;;;;;;;;
1402;Município;Alcanena;6 745;101 748;93 617;15 085;4 938;7 339;8 223;8 658;9 830;11 267;13 291;16 275;18 366;20 926;28 698;4 904;7 308;8 182;8 628;9 493;10 847;12 654;15 525;17 453;19 604;25 876;35,5;2,7;5,3;;;;;;;;;;;
1408;Município;Constância;1 961;35 205;31 854;17 953;5 749;8 241;8 774;9 326;10 963;13 283;16 599;20 492;23 184;25 840;35 809;5 749;8 212;8 738;9 151;10 529;12 743;15 629;19 025;21 209;23 685;30 998;36,3;2,9;5,4;;;;;;;;;;;
1410;Município;Entroncamento;10 027;213 148;187 787;21 257;5 574;8 505;9 325;10 334;12 678;15 712;19 801;25 031;27 968;31 737;43 630;5 554;8 479;9 151;9 946;12 014;14 800;18 419;22 540;24 983;27 871;36 974;38,2;3,3;6,7;;;;;;;;;;;
1411;Município;Ferreira do Zêzere;3 790;53 405;49 868;14 091;4 682;6 849;7 730;8 400;9 427;10 900;12 904;15 745;17 588;19 802;26 538;4 682;6 840;7 716;8 400;9 189;10 502;12 331;15 023;16 824;18 852;24 279;34,7;2,8;5,2;;;;;;;;;;;
1413;Município;Mação;3 169;47 963;44 025;15 135;5 459;7 477;8 313;8 750;9 703;11 165;13 171;16 248;18 056;20 456;30 014;5 429;7 459;8 301;8 743;9 405;10 745;12 541;15 496;17 113;19 186;26 496;35,0;2,6;4,9;;;;;;;;;;;
1421;Município;Ourém;21 766;345 947;315 701;15 894;4 799;7 200;8 233;8 686;9 958;11 635;14 022;17 490;19 676;22 326;31 009;4 755;7 200;8 189;8 660;9 599;11 158;13 358;16 538;18 527;20 961;27 723;37,0;2,9;5,8;;;;;;;;;;;
1417;Município;Sardoal;1 899;29 373;26 771;15 468;4 866;7 190;8 057;8 616;9 556;11 105;13 213;16 407;18 336;21 092;30 799;4 866;7 126;8 036;8 572;9 298;10 776;12 687;15 340;17 499;19 877;27 599;37,5;2,8;5,7;;;;;;;;;;;
0509;Município;Sertã;6 913;96 721;89 526;13 991;4 682;6 537;7 237;7 997;8 903;10 102;11 940;14 977;16 862;18 952;26 707;4 682;6 505;7 207;7 958;8 889;9 819;11 528;14 275;16 051;18 003;24 550;36,6;2,8;5,2;;;;;;;;;;;
1418;Município;Tomar;18 717;323 026;288 688;17 258;4 682;7 200;8 099;8 688;10 076;11 965;14 609;18 355;21 087;24 265;35 078;4 682;7 160;8 065;8 666;9 748;11 477;13 852;17 255;19 591;22 270;30 398;39,4;3,1;6,5;;;;;;;;;;;
1419;Município;Torres Novas;17 535;319 362;286 225;18 213;5 553;7 955;8 684;9 283;10 870;12 917;15 687;19 946;22 750;25 860;36 785;5 525;7 917;8 656;9 151;10 478;12 342;14 851;18 563;20 938;23 584;31 795;37,7;3,0;5,8;;;;;;;;;;;
0510;Município;Vila de Rei;1 509;21 756;20 392;14 418;5 555;7 386;8 236;8 610;9 495;11 089;13 684;16 244;17 790;19 995;26 757;5 533;7 372;8 215;8 605;9 296;10 831;12 918;15 411;17 006;18 912;24 820;33,5;2,6;4,5;;;;;;;;;;;
1420;Município;Vila Nova da Barquinha;3 574;68 257;61 448;19 098;6 012;8 568;9 108;9 857;11 775;14 236;17 375;22 151;24 825;28 504;37 934;6 012;8 548;9 106;9 547;11 287;13 438;16 350;20 233;22 708;25 546;33 045;36,2;3,0;5,5;;;;;;;;;;;
16J;NUTS 3;   Beiras e Serra da Estrela;102 573;1 676 303;1 518 414;16 343;4 971;7 201;8 094;8 606;9 761;11 487;13 928;17 291;19 470;22 454;32 480;4 918;7 200;8 065;8 577;9 486;11 097;13 334;16 523;18 363;20 864;28 622;38,2;2,9;5,8;;;;;;;;;;;
0902;Município;Almeida;3 009;46 363;42 334;15 408;4 617;6 625;7 671;8 432;9 762;11 822;14 284;17 665;19 798;22 237;29 986;4 577;6 595;7 659;8 400;9 404;11 280;13 629;16 711;18 297;20 211;26 470;36,5;3,1;5,8;;;;;;;;;;;
0501;Município;Belmonte;2 901;43 913;40 491;15 137;4 948;7 438;8 197;8 476;9 504;11 153;13 484;16 445;17 819;20 120;29 344;4 908;7 366;8 189;8 467;9 236;10 711;12 996;15 871;17 112;19 264;26 240;36,1;2,6;5,3;;;;;;;;;;;
0903;Município;Celorico da Beira;3 003;44 213;40 909;14 723;4 580;6 817;7 739;8 400;9 476;10 968;13 386;16 665;17 945;20 305;28 176;4 538;6 726;7 702;8 400;9 282;10 601;12 760;15 737;17 271;19 017;25 929;36,4;2,8;5,7;;;;;;;;;;;
0503;Município;Covilhã;23 722;403 298;363 230;17 001;5 406;7 681;8 400;8 811;10 009;11 731;14 083;17 426;19 819;22 836;33 987;5 404;7 652;8 385;8 788;9 682;11 325;13 526;16 724;18 611;21 203;29 613;38,2;2,8;5,5;;;;;;;;;;;
0904;Município;Figueira de Castelo Rodrigo;2 572;36 072;33 260;14 025;3 934;6 180;6 832;7 493;8 753;9 867;11 782;14 884;16 877;18 918;28 254;3 934;6 180;6 802;7 479;8 715;9 635;11 464;14 265;16 136;17 985;25 636;38,6;2,9;6,5;;;;;;;;;;;
0905;Município;Fornos de Algodres;1 844;26 535;24 463;14 390;4 687;7 037;7 841;8 485;9 350;10 797;12 876;15 795;17 347;19 200;26 746;4 682;6 996;7 800;8 451;9 151;10 517;12 270;15 012;16 808;18 303;24 201;35,7;2,6;5,2;;;;;;;;;;;
0504;Município;Fundão;12 999;201 897;184 292;15 532;4 808;7 140;8 012;8 492;9 620;11 278;13 558;16 756;18 524;21 240;30 182;4 758;7 069;7 980;8 458;9 345;10 901;13 009;15 856;17 596;19 938;26 976;37,1;2,8;5,7;;;;;;;;;;;
0906;Município;Gouveia;5 793;86 027;79 007;14 850;4 682;6 780;7 518;8 290;9 265;10 542;12 628;15 821;17 705;19 889;29 216;4 682;6 774;7 500;8 252;9 154;10 258;12 249;15 141;16 997;18 885;26 585;37,3;2,8;5,7;;;;;;;;;;;
0907;Município;Guarda;19 368;384 053;339 142;19 829;5 459;7 905;8 651;9 360;11 177;13 765;17 188;21 867;24 852;28 421;41 063;5 431;7 868;8 623;9 151;10 805;13 058;16 194;20 311;22 748;25 566;34 978;39,6;3,2;6,4;;;;;;;;;;;
0908;Município;Manteigas;1 545;22 025;20 382;14 256;5 384;7 170;7 933;8 510;9 337;10 513;12 209;14 876;16 583;18 501;25 341;5 307;7 053;7 896;8 469;9 165;10 267;11 864;14 191;16 020;17 763;23 810;34,8;2,5;4,5;;;;;;;;;;;
0909;Município;Mêda;2 099;29 924;27 416;14 256;4 197;6 332;7 312;8 100;9 060;10 393;12 436;15 324;16 946;19 100;28 050;4 182;6 292;7 256;8 083;9 026;10 128;11 921;14 627;16 266;18 302;25 095;37,0;2,9;6,0;;;;;;;;;;;
0910;Município;Pinhel;4 134;58 497;53 912;14 150;4 282;6 214;7 191;7 800;8 891;10 240;12 267;15 582;17 390;19 812;27 644;4 255;6 191;7 144;7 772;8 875;9 977;11 829;14 700;16 715;18 759;24 991;37,3;3,0;5,9;;;;;;;;;;;
0911;Município;Sabugal;4 950;71 475;65 907;14 439;4 085;6 540;7 546;8 385;9 409;10 875;12 725;15 735;17 655;20 019;27 959;4 009;6 471;7 479;8 328;9 170;10 470;12 237;15 033;16 822;18 823;25 388;37,3;2,9;6,3;;;;;;;;;;;
0912;Município;Seia;10 790;165 401;151 710;15 329;5 284;7 220;8 059;8 558;9 548;10 943;13 075;16 138;18 114;20 748;29 530;5 240;7 200;8 025;8 538;9 300;10 621;12 621;15 503;17 330;19 535;26 547;36,4;2,7;5,1;;;;;;;;;;;
0913;Município;Trancoso;3 844;56 611;51 958;14 727;4 546;6 615;7 559;8 276;8 948;10 282;12 312;15 703;17 506;19 825;28 936;4 484;6 605;7 530;8 224;8 891;9 996;11 826;14 928;16 900;18 984;26 219;38,1;2,9;5,8;;;;;;;;;;;
170;NUTS 3;  A. M. Lisboa;1 513 335;34 256 016;28 906 897;22 636;5 016;7 829;8 650;9 473;11 585;14 394;18 207;23 611;27 059;31 563;47 254;4 960;7 783;8 600;9 160;11 068;13 506;16 773;21 215;23 946;27 373;38 725;43,3;3,5;7,8;;;;;;;;;;;
1502;Município;Alcochete;9 097;228 211;191 716;25 086;5 625;8 400;9 098;9 935;12 212;15 413;19 558;25 558;29 666;35 416;53 640;5 542;8 400;9 042;9 606;11 649;14 464;18 104;22 980;26 157;30 575;43 822;44,4;3,6;7,9;;;;;;;;;;;
1503;Município;Almada;92 290;1 959 586;1 679 775;21 233;4 913;7 730;8 573;9 367;11 427;14 086;17 725;22 763;26 018;30 222;44 383;4 880;7 671;8 533;9 153;10 950;13 238;16 361;20 539;23 078;26 376;36 790;41,9;3,4;7,5;;;;;;;;;;;
1115;Município;Amadora;92 168;1 719 269;1 514 063;18 654;4 763;7 338;8 341;8 891;10 616;12 812;15 927;20 234;23 169;26 777;38 890;4 722;7 298;8 300;8 867;10 242;12 165;14 843;18 542;20 934;23 792;32 874;40,2;3,3;7,0;;;;;;;;;;;
1504;Município;Barreiro;41 460;796 687;705 016;19 216;5 400;8 195;8 888;9 690;11 618;13 943;17 097;21 316;23 957;27 187;38 763;5 374;8 161;8 868;9 386;11 107;13 185;15 919;19 524;21 718;24 262;33 041;38,1;3,0;6,1;;;;;;;;;;;
1105;Município;Cascais;110 341;2 882 897;2 341 294;26 127;4 918;7 775;8 624;9 585;11 981;15 331;19 932;26 373;30 754;36 470;55 785;4 829;7 667;8 546;9 218;11 352;14 194;18 069;23 190;26 492;30 526;44 275;46,4;4,0;9,2;;;;;;;;;;;
1106;Município;Lisboa;317 490;9 007 890;7 153 880;28 372;4 810;7 700;8 660;9 656;12 259;15 843;20 991;28 115;33 300;40 008;63 283;4 732;7 597;8 568;9 275;11 572;14 572;18 629;24 083;27 772;32 500;48 630;48,1;4,3;10,3;;;;;;;;;;;
1107;Município;Loures;104 778;2 111 910;1 841 155;20 156;5 208;7 924;8 657;9 372;11 215;13 654;16 937;21 625;24 640;28 361;41 760;5 161;7 882;8 622;9 151;10 762;12 900;15 776;19 792;22 263;25 334;35 090;40,6;3,2;6,8;;;;;;;;;;;
1109;Município;Mafra;40 815;894 363;771 247;21 913;5 158;7 830;8 597;9 344;11 400;14 289;18 205;23 800;27 347;31 712;46 650;5 061;7 787;8 537;9 152;10 970;13 505;16 981;21 611;24 516;27 952;39 088;42,4;3,6;7,7;;;;;;;;;;;
1506;Município;Moita;33 028;557 457;504 840;16 878;4 940;7 598;8 400;9 064;10 678;12 620;15 335;18 855;21 362;24 245;33 337;4 907;7 565;8 400;9 032;10 281;11 994;14 394;17 540;19 646;22 069;29 512;36,9;2,9;6,0;;;;;;;;;;;
1507;Município;Montijo;27 195;533 288;468 297;19 610;4 682;7 387;8 380;8 982;10 760;13 239;16 726;21 531;24 673;28 516;41 362;4 678;7 337;8 345;8 936;10 386;12 626;15 647;19 714;22 322;25 238;35 105;41,2;3,4;7,5;;;;;;;;;;;
1116;Município;Odivelas;79 045;1 562 553;1 372 336;19 768;4 921;7 652;8 441;9 188;11 166;13 739;17 191;22 151;25 107;28 851;41 555;4 880;7 604;8 400;9 145;10 698;12 990;15 978;20 127;22 626;25 634;35 132;40,3;3,4;7,2;;;;;;;;;;;
1110;Município;Oeiras;91 802;2 636 336;2 143 189;28 718;5 788;8 679;9 795;11 091;14 220;18 373;23 854;31 017;35 801;41 701;62 502;5 748;8 597;9 440;10 600;13 295;16 740;21 093;26 570;30 019;34 152;48 973;44,1;4,0;8,5;;;;;;;;;;;
1508;Município;Palmela;32 455;664 050;579 279;20 461;5 068;7 753;8 577;9 335;11 311;13 884;17 339;22 145;25 275;29 142;42 075;5 024;7 702;8 530;9 151;10 836;13 132;16 073;20 218;22 803;25 853;35 636;41,2;3,4;7,1;;;;;;;;;;;
1510;Município;Seixal;83 490;1 689 895;1 478 926;20 241;5 213;8 090;8 807;9 661;11 750;14 394;17 824;22 632;25 473;28 971;40 809;5 171;8 045;8 772;9 345;11 211;13 522;16 543;20 586;22 920;25 734;34 715;39,5;3,2;6,7;;;;;;;;;;;
1511;Município;Sesimbra;25 995;524 234;459 572;20 167;5 246;7 983;8 742;9 612;11 736;14 499;18 128;22 888;25 670;29 218;40 451;5 206;7 923;8 703;9 293;11 248;13 651;16 841;20 885;23 197;25 980;34 445;39,2;3,3;6,6;;;;;;;;;;;
1512;Município;Setúbal;62 560;1 295 018;1 124 935;20 700;4 992;7 879;8 721;9 540;11 550;14 210;17 799;22 725;25 961;29 852;42 901;4 954;7 839;8 688;9 226;11 053;13 372;16 448;20 654;23 161;26 255;35 908;40,8;3,3;7,2;;;;;;;;;;;
1111;Município;Sintra;199 005;3 785 945;3 329 597;19 024;4 808;7 620;8 400;9 103;10 889;13 125;16 179;20 681;23 483;26 898;38 534;4 780;7 571;8 400;9 070;10 466;12 434;15 092;18 935;21 373;24 171;32 962;40,2;3,2;6,9;;;;;;;;;;;
1114;Município;Vila Franca de Xira;70 321;1 406 427;1 247 779;20 000;5 626;8 400;9 114;9 983;12 046;14 721;18 198;22 808;25 569;29 080;40 343;5 590;8 400;9 078;9 659;11 490;13 843;16 896;20 902;23 249;26 092;34 501;37,9;3,1;6,2;;;;;;;;;;;
18;NUTS 2;  Alentejo;360 900;6 223 113;5 580 458;17 243;5 018;7 456;8 318;8 834;10 200;12 000;14 611;18 339;20 975;24 047;34 584;4 980;7 417;8 290;8 807;9 853;11 511;13 874;17 247;19 488;22 079;30 135;38,6;3,0;6,1;;;;;;;;;;;
181;NUTS 3;   Alentejo Litoral;52 168;887 101;787 087;17 005;4 265;6 626;7 553;8 388;9 532;11 200;13 748;17 432;20 005;23 424;35 282;4 230;6 600;7 517;8 344;9 168;10 725;12 969;16 276;18 549;21 480;30 487;41,4;3,3;7,2;;;;;;;;;;;
1501;Município;Alcácer do Sal;5 812;92 841;84 497;15 974;5 159;7 431;8 329;8 833;10 030;11 683;13 975;17 027;19 022;21 979;30 927;5 103;7 393;8 298;8 810;9 741;11 200;13 290;15 954;17 934;20 353;27 844;36,6;2,8;5,5;;;;;;;;;;;
1505;Município;Grândola;6 638;114 604;101 224;17 265;4 711;7 115;8 055;8 616;9 868;11 635;14 218;17 851;20 165;23 154;32 900;4 682;7 037;8 004;8 571;9 541;11 119;13 366;16 684;18 688;21 251;28 908;40,1;3,0;6,2;;;;;;;;;;;
0211;Município;Odemira;17 884;224 054;205 458;12 528;3 039;5 229;6 053;6 810;8 161;9 100;10 500;12 558;14 226;16 436;24 716;3 001;5 214;6 030;6 780;8 124;9 061;10 037;11 851;13 267;15 493;22 563;39,7;3,0;7,5;;;;;;;;;;;
1509;Município;Santiago do Cacém;14 323;298 096;259 113;20 812;5 391;7 814;8 602;9 309;11 190;13 796;17 150;22 133;25 228;29 501;45 330;5 371;7 785;8 567;9 151;10 722;13 026;15 984;20 292;22 955;26 106;37 751;41,2;3,4;7,0;;;;;;;;;;;
1513;Município;Sines;7 511;157 507;136 795;20 970;5 406;8 059;8 797;9 567;11 427;14 066;17 509;22 221;25 617;29 910;44 851;5 375;8 021;8 762;9 267;10 898;13 240;16 155;20 376;23 164;26 589;37 465;41,0;3,3;7,0;;;;;;;;;;;
184;NUTS 3;   Baixo Alentejo;56 278;967 974;866 760;17 200;4 903;7 443;8 300;8 806;10 097;11 868;14 525;18 360;21 009;24 263;35 253;4 861;7 399;8 260;8 770;9 743;11 385;13 786;17 207;19 447;22 058;30 564;38,8;3,0;6,3;;;;;;;;;;;
0201;Município;Aljustrel;4 486;83 375;74 180;18 586;5 748;8 036;8 686;9 284;10 789;13 002;16 221;20 465;23 634;27 027;37 785;5 748;8 011;8 653;9 151;10 430;12 390;15 116;18 937;21 361;24 340;32 657;37,8;3,0;5,7;;;;;;;;;;;
0202;Município;Almodôvar;3 581;62 282;55 463;17 392;4 787;6 788;7 707;8 453;9 706;11 395;14 061;18 277;21 528;25 567;37 696;4 779;6 780;7 663;8 432;9 439;10 959;13 361;17 070;19 864;23 034;32 191;40,5;3,4;6,7;;;;;;;;;;;
0203;Município;Alvito;1 040;16 782;15 344;16 137;//;//;//;//;//;//;//;//;//;//;//;//;//;//;//;//;//;//;//;//;//;//;//;//;//;;;;;;;;;;;
0204;Município;Barrancos;731;10 102;9 402;13 820;//;//;//;//;//;//;//;//;//;//;//;//;//;//;//;//;//;//;//;//;//;//;//;//;//;;;;;;;;;;;
0205;Município;Beja;16 790;330 458;290 239;19 682;5 275;8 012;8 721;9 336;11 091;13 384;16 908;21 904;24 804;28 306;41 302;5 229;8 006;8 689;9 151;10 618;12 763;15 801;20 124;22 367;25 209;34 537;39,6;3,1;6,6;;;;;;;;;;;
0206;Município;Castro Verde;3 251;71 355;61 834;21 949;6 510;8 687;9 284;9 960;11 923;14 854;18 322;23 687;27 318;31 664;45 640;6 441;8 631;9 152;9 561;11 479;13 977;17 015;21 575;24 508;27 530;38 083;39,6;3,2;5,9;;;;;;;;;;;
0207;Município;Cuba;2 160;34 257;31 148;15 860;3 617;6 877;7 778;8 443;9 675;11 365;13 695;16 844;18 889;22 037;32 409;3 569;6 844;7 761;8 411;9 372;10 941;13 275;15 997;17 802;20 420;29 080;39,4;3,0;8,1;;;;;;;;;;;
0208;Município;Ferreira do Alentejo;3 778;55 096;50 542;14 583;4 256;6 840;7 646;8 252;9 305;10 852;12 794;15 589;17 367;20 071;28 129;4 246;6 803;7 576;8 197;9 151;10 435;12 121;14 771;16 342;18 546;25 425;36,9;2,7;6,0;;;;;;;;;;;
0209;Município;Mértola;3 101;44 314;40 889;14 290;4 694;6 997;7 839;8 400;9 424;10 760;12 741;15 550;17 486;19 804;27 124;4 682;6 935;7 810;8 400;9 160;10 355;12 202;14 697;16 586;18 502;24 623;35,1;2,7;5,3;;;;;;;;;;;
0210;Município;Moura;5 845;87 407;80 062;14 954;4 367;6 796;7 706;8 400;9 424;10 852;12 931;15 932;18 000;20 421;29 718;4 287;6 756;7 678;8 400;9 203;10 482;12 373;15 096;16 975;19 297;26 587;37,5;2,9;6,2;;;;;;;;;;;
0212;Município;Ourique;2 461;38 049;34 468;15 461;4 682;6 935;7 879;8 477;9 520;10 893;13 096;16 747;18 674;21 155;31 071;4 682;6 895;7 839;8 434;9 160;10 575;12 558;15 650;17 386;19 411;27 265;37,6;2,8;5,8;;;;;;;;;;;
0213;Município;Serpa;6 469;94 953;87 031;14 678;4 387;6 990;7 764;8 400;9 346;10 711;12 604;15 569;17 548;20 155;28 531;4 316;6 928;7 747;8 380;9 151;10 374;12 032;14 749;16 668;18 860;25 406;36,9;2,7;5,9;;;;;;;;;;;
0214;Município;Vidigueira;2 585;39 544;36 158;15 298;4 784;7 276;8 033;8 497;9 516;10 906;13 123;16 398;18 516;21 621;30 515;4 726;7 239;8 026;8 487;9 216;10 593;12 542;15 385;17 539;19 963;27 227;36,7;2,8;5,8;;;;;;;;;;;
185;NUTS 3;   Lezíria do Tejo;119 257;2 051 580;1 844 902;17 203;5 001;7 388;8 299;8 825;10 246;12 087;14 659;18 363;20 994;24 003;34 410;4 973;7 354;8 265;8 794;9 917;11 593;13 932;17 284;19 528;22 105;30 103;38,6;3,0;6,1;;;;;;;;;;;
1403;Município;Almeirim;11 181;174 551;159 424;15 611;4 332;6 788;7 606;8 334;9 532;11 139;13 353;16 670;19 021;22 354;31 705;4 317;6 780;7 563;8 309;9 284;10 751;12 862;15 813;17 917;20 678;28 250;38,5;3,0;6,5;;;;;;;;;;;
1404;Município;Alpiarça;3 593;55 694;51 134;15 501;4 929;6 957;7 760;8 400;9 671;11 183;13 207;16 470;18 651;21 412;30 796;4 929;6 931;7 720;8 400;9 392;10 874;12 791;15 725;17 578;20 009;27 704;37,4;2,9;5,6;;;;;;;;;;;
1103;Município;Azambuja;10 618;181 272;164 294;17 072;5 176;7 539;8 400;9 000;10 520;12 439;15 124;18 716;21 360;24 287;33 841;5 118;7 506;8 400;8 980;10 148;11 883;14 271;17 535;19 837;22 601;29 943;37,5;3,0;5,9;;;;;;;;;;;
1405;Município;Benavente;14 679;268 350;238 170;18 281;4 904;7 563;8 400;8 933;10 465;12 515;15 453;19 674;22 330;25 478;36 031;4 865;7 527;8 400;8 891;10 078;11 934;14 683;18 447;20 779;23 299;31 336;39,7;3,1;6,4;;;;;;;;;;;
1406;Município;Cartaxo;12 018;212 483;190 946;17 680;5 294;7 907;8 580;9 214;10 798;12 818;15 672;19 361;21 787;24 737;34 835;5 250;7 879;8 549;9 151;10 401;12 203;14 712;18 071;20 129;22 742;30 429;37,5;2,9;5,8;;;;;;;;;;;
1407;Município;Chamusca;4 353;62 760;58 183;14 418;5 420;7 321;8 010;8 619;9 626;11 044;12 846;15 585;17 200;19 580;26 395;5 408;7 315;7 978;8 608;9 373;10 629;12 386;14 824;16 388;18 517;24 073;33,8;2,5;4,5;;;;;;;;;;;
1409;Município;Coruche;8 699;138 086;126 588;15 874;5 495;7 396;8 196;8 717;10 057;11 807;13 973;16 931;19 028;21 722;30 304;5 483;7 369;8 142;8 698;9 805;11 443;13 378;16 092;17 955;20 295;27 321;35,9;2,8;5,0;;;;;;;;;;;
1412;Município;Golegã;2 868;48 197;43 581;16 805;5 425;7 652;8 400;8 928;10 386;12 237;14 473;18 160;20 845;23 475;33 002;5 406;7 645;8 400;8 902;10 032;11 651;13 740;17 123;19 292;21 777;29 325;36,5;2,8;5,4;;;;;;;;;;;
1414;Município;Rio Maior;10 770;171 368;155 814;15 912;4 495;7 000;7 948;8 549;9 736;11 406;13 710;16 897;19 287;22 176;31 444;4 484;6 963;7 909;8 521;9 455;10 972;13 062;15 994;18 126;20 852;28 116;38,2;3,0;6,3;;;;;;;;;;;
1415;Município;Salvaterra de Magos;10 706;173 358;157 678;16 193;4 754;7 155;7 957;8 555;9 991;11 760;14 023;17 304;19 568;22 485;32 202;4 729;7 113;7 933;8 532;9 658;11 277;13 442;16 409;18 414;20 946;28 878;37,9;2,9;6,1;;;;;;;;;;;
1416;Município;Santarém;29 772;565 462;499 090;18 993;5 235;7 717;8 457;9 054;10 657;12 784;15 738;20 296;23 094;26 619;39 196;5 215;7 674;8 423;9 017;10 279;12 204;14 864;18 840;21 205;24 031;33 292;40,1;3,1;6,4;;;;;;;;;;;
186;NUTS 3;   Alto Alentejo;55 108;907 851;821 941;16 474;5 110;7 374;8 285;8 797;10 027;11 691;14 092;17 612;19 986;23 033;32 435;5 073;7 344;8 252;8 768;9 705;11 238;13 435;16 640;18 744;21 208;28 747;37,7;2,9;5,7;;;;;;;;;;;
1201;Município;Alter do Chão;1 614;25 857;23 531;16 021;5 548;8 025;8 633;9 059;10 214;11 806;14 016;17 140;18 981;21 438;29 398;5 548;8 025;8 617;9 059;9 928;11 455;13 509;16 234;17 904;19 949;26 481;35,4;2,5;4,8;;;;;;;;;;;
1202;Município;Arronches;1 489;22 779;20 937;15 298;5 406;7 206;8 022;8 700;9 792;11 089;13 177;16 924;19 172;21 578;29 680;5 401;7 200;8 016;8 687;9 473;10 740;12 586;15 822;17 894;20 281;26 608;35,5;2,8;4,9;;;;;;;;;;;
1203;Município;Avis;2 063;29 775;27 477;14 433;4 893;7 048;7 824;8 446;9 613;10 964;13 001;15 347;17 320;19 933;27 366;4 871;7 031;7 815;8 401;9 311;10 582;12 332;14 636;16 286;18 544;25 264;35,3;2,6;5,2;;;;;;;;;;;
1204;Município;Campo Maior;3 981;74 200;65 767;18 638;5 811;8 399;9 006;9 535;11 249;12 756;15 677;19 899;22 212;24 690;33 713;5 749;8 326;8 963;9 253;10 815;12 134;14 734;18 578;20 828;22 959;30 069;38,1;2,8;5,2;;;;;;;;;;;
1205;Município;Castelo de Vide;1 679;28 102;25 425;16 738;5 045;7 379;8 291;8 806;10 099;11 733;14 688;18 458;20 542;23 645;32 358;5 045;7 354;8 250;8 750;9 718;11 414;14 102;17 362;19 489;21 744;28 649;37,3;3,0;5,7;;;;;;;;;;;
1206;Município;Crato;1 669;25 165;23 256;15 078;5 370;7 587;8 406;8 832;10 030;11 529;13 718;16 783;18 462;21 047;29 068;5 370;7 578;8 400;8 814;9 709;11 093;13 090;15 868;17 639;19 744;26 041;33,9;2,6;4,8;;;;;;;;;;;
1207;Município;Elvas;10 606;177 498;159 744;16 736;4 977;7 391;8 328;8 813;10 051;11 716;14 152;17 796;20 404;23 544;33 126;4 951;7 359;8 295;8 781;9 724;11 195;13 438;16 759;19 060;21 444;29 032;38,3;2,9;5,9;;;;;;;;;;;
1208;Município;Fronteira;1 519;24 822;22 601;16 341;5 748;7 706;8 400;8 753;9 913;11 575;13 941;16 794;19 131;22 512;31 594;5 748;7 652;8 400;8 735;9 652;11 193;13 358;15 988;18 070;20 907;27 766;36,9;2,7;4,8;;;;;;;;;;;
1209;Município;Gavião;1 804;26 673;24 786;14 785;5 463;7 736;8 296;8 726;9 786;11 248;13 234;16 016;17 766;20 310;27 855;5 463;7 736;8 290;8 712;9 564;10 785;12 617;15 310;16 824;19 278;25 506;34,1;2,5;4,7;;;;;;;;;;;
1210;Município;Marvão;1 605;23 385;21 590;14 570;4 913;7 004;7 786;8 400;9 436;10 820;12 947;16 191;17 963;20 341;27 425;4 870;6 999;7 780;8 400;9 247;10 478;12 577;15 416;17 268;19 294;24 910;35,5;2,8;5,1;;;;;;;;;;;
1211;Município;Monforte;1 384;20 495;18 811;14 808;//;//;//;//;//;//;//;//;//;//;//;//;//;//;//;//;//;//;//;//;//;//;//;//;//;;;;;;;;;;;
1212;Município;Nisa;3 294;51 004;46 737;15 484;5 266;7 240;8 188;8 653;9 754;11 335;13 536;16 800;19 142;21 963;30 757;5 230;7 201;8 166;8 625;9 578;10 895;12 960;15 882;17 794;20 361;27 325;36,2;2,8;5,2;;;;;;;;;;;
1213;Município;Ponte de Sor;8 152;116 841;107 164;14 333;3 944;6 292;7 200;7 890;9 106;10 457;12 271;15 262;17 182;19 607;27 968;3 934;6 253;7 186;7 882;9 092;10 172;11 815;14 492;16 258;18 432;25 116;38,3;2,9;6,4;;;;;;;;;;;
1214;Município;Portalegre;12 019;228 958;204 190;19 050;5 816;8 146;8 786;9 369;11 036;13 284;16 479;20 831;23 699;27 140;39 371;5 795;8 093;8 750;9 160;10 646;12 686;15 546;19 363;21 717;24 515;33 596;38,4;3,0;5,8;;;;;;;;;;;
1215;Município;Sousel;2 230;32 296;29 927;14 483;5 087;6 893;7 644;8 323;9 367;10 702;12 654;15 803;17 607;19 921;28 601;5 087;6 886;7 581;8 310;9 151;10 379;12 068;15 075;16 907;18 905;25 450;35,5;2,7;5,0;;;;;;;;;;;
187;NUTS 3;   Alentejo Central;78 089;1 408 607;1 259 768;18 038;5 748;8 100;8 692;9 257;10 840;12 798;15 566;19 487;22 121;25 084;35 398;5 738;8 070;8 672;9 151;10 437;12 229;14 742;18 219;20 460;22 887;30 699;37,3;2,8;5,4;;;;;;;;;;;
0701;Município;Alandroal;2 702;37 557;34 987;13 900;5 115;7 430;8 090;8 538;9 559;10 826;12 588;14 866;16 786;19 058;25 341;5 002;7 418;8 071;8 511;9 205;10 430;12 063;14 194;16 053;18 100;23 398;32,9;2,4;4,7;;;;;;;;;;;
0702;Município;Arraiolos;3 469;55 602;51 127;16 028;5 999;8 109;8 599;9 089;10 430;12 041;14 244;17 613;19 912;22 695;30 600;5 985;8 065;8 588;9 066;10 085;11 611;13 616;16 637;18 680;21 154;27 713;34,0;2,6;4,6;;;;;;;;;;;
0703;Município;Borba;3 219;51 446;47 285;15 982;5 482;7 957;8 561;9 057;10 534;12 298;14 486;17 619;19 603;22 136;29 493;5 476;7 915;8 543;9 037;10 187;11 913;14 040;16 667;18 465;21 017;26 825;34,7;2,7;4,9;;;;;;;;;;;
0704;Município;Estremoz;6 480;111 089;100 554;17 143;6 180;8 262;8 820;9 322;10 747;12 468;14 983;18 716;21 260;23 971;32 985;6 165;8 222;8 781;9 151;10 313;11 966;14 385;17 575;19 668;22 172;28 659;35,3;2,7;4,6;;;;;;;;;;;
0705;Município;Évora;28 102;596 975;518 908;21 243;6 097;8 485;9 132;9 976;11 998;14 798;18 594;23 516;26 349;30 196;43 246;6 039;8 449;9 096;9 611;11 438;13 878;17 254;21 405;23 725;26 638;35 858;39,0;3,2;5,9;;;;;;;;;;;
0706;Município;Montemor-o-Novo;7 703;133 414;120 169;17 320;5 803;8 059;8 595;9 093;10 587;12 310;14 918;18 356;20 635;23 413;32 906;5 780;8 012;8 562;9 056;10 225;11 837;14 244;17 506;19 256;21 821;28 943;36,4;2,7;5,0;;;;;;;;;;;
0707;Município;Mora;2 305;35 695;32 742;15 486;5 649;7 685;8 400;8 847;10 003;11 533;13 572;16 161;17 858;20 257;28 090;5 625;7 671;8 400;8 841;9 737;11 142;13 052;15 498;17 128;18 970;25 666;34,9;2,5;4,6;;;;;;;;;;;
0708;Município;Mourão;1 116;16 337;15 120;14 639;//;//;//;//;//;//;//;//;//;//;//;//;//;//;//;//;//;//;//;//;//;//;//;//;//;;;;;;;;;;;
0709;Município;Portel;2 758;38 866;36 205;14 092;5 072;7 239;7 925;8 400;9 445;10 875;12 645;15 363;16 997;19 039;26 782;5 070;7 239;7 921;8 400;9 224;10 559;12 198;14 770;16 406;18 109;24 670;33,7;2,5;4,9;;;;;;;;;;;
0710;Município;Redondo;3 180;47 027;43 310;14 788;5 137;7 433;8 214;8 646;9 644;11 000;12 804;15 504;17 245;19 677;28 154;5 128;7 366;8 162;8 614;9 328;10 615;12 298;14 828;16 477;18 606;25 759;35,3;2,5;5,0;;;;;;;;;;;
0711;Município;Reguengos de Monsaraz;5 005;80 608;73 664;16 105;5 278;7 661;8 400;8 891;10 378;11 902;14 138;17 444;19 878;22 299;31 746;5 235;7 652;8 400;8 870;10 012;11 430;13 515;16 599;18 510;20 824;27 992;36,3;2,7;5,3;;;;;;;;;;;
0712;Município;Vendas Novas;5 574;99 275;89 616;17 810;5 228;8 115;8 699;9 350;11 104;13 210;15 919;19 582;22 253;25 156;34 943;5 202;8 079;8 687;9 151;10 627;12 560;15 067;18 377;20 702;23 194;30 858;37,1;2,9;5,9;;;;;;;;;;;
0713;Município;Viana do Alentejo;2 583;40 240;37 111;15 579;5 369;7 700;8 440;8 895;10 154;11 765;14 202;17 242;19 583;22 135;29 891;5 293;7 656;8 400;8 885;9 761;11 273;13 465;16 225;18 460;20 763;26 817;34,9;2,7;5,1;;;;;;;;;;;
0714;Município;Vila Viçosa;3 893;64 475;58 969;16 562;5 990;8 246;8 722;9 318;10 794;12 703;14 723;17 800;19 747;22 942;30 917;5 980;8 235;8 689;9 154;10 387;12 123;14 146;16 883;18 761;21 393;27 570;34,4;2,6;4,6;;;;;;;;;;;
150;NUTS 3;  Algarve;249 770;4 140 168;3 679 934;16 576;4 200;6 557;7 484;8 374;9 551;11 311;13 775;17 403;19 973;23 137;33 686;4 160;6 497;7 418;8 309;9 215;10 827;13 007;16 288;18 450;21 125;29 255;40,6;3,3;7,0;;;;;;;;;;;
0801;Município;Albufeira;26 541;406 739;364 284;15 325;3 934;5 958;6 840;7 612;8 894;10 530;12 709;15 914;18 128;21 053;30 628;3 880;5 909;6 784;7 546;8 854;10 115;12 058;14 896;16 915;19 446;27 087;40,9;3,3;7,0;;;;;;;;;;;
0802;Município;Alcoutim;1 284;18 941;17 507;14 752;//;//;//;//;//;//;//;//;//;//;//;//;//;//;//;//;//;//;//;//;//;//;//;//;//;;;;;;;;;;;
0803;Município;Aljezur;2 754;40 403;36 397;14 671;3 477;5 748;6 673;7 555;8 820;9 975;11 876;15 006;17 198;20 518;28 586;3 396;5 723;6 603;7 422;8 767;9 651;11 339;14 151;16 249;18 857;25 678;41,3;3,3;7,6;;;;;;;;;;;
0804;Município;Castro Marim;3 356;51 572;46 981;15 367;3 988;6 369;7 211;8 190;9 234;10 739;13 155;16 974;19 136;21 977;30 786;3 954;6 367;7 200;8 140;9 155;10 416;12 661;16 036;17 994;20 410;27 689;39,3;3,2;7,0;;;;;;;;;;;
0805;Município;Faro;37 047;728 117;628 561;19 654;4 484;7 200;8 236;8 849;10 676;12 934;16 258;21 208;24 345;28 200;41 861;4 410;7 178;8 165;8 795;10 232;12 233;15 086;19 188;21 814;24 838;34 686;41,9;3,5;7,9;;;;;;;;;;;
0806;Município;Lagoa;12 358;200 173;179 100;16 198;4 122;6 556;7 504;8 360;9 513;11 182;13 487;16 919;19 399;22 526;32 681;4 056;6 491;7 443;8 309;9 198;10 704;12 784;15 991;18 167;20 700;28 757;40,1;3,2;7,1;;;;;;;;;;;
0807;Município;Lagos;17 151;276 996;245 936;16 150;4 083;6 469;7 391;8 317;9 425;11 070;13 390;16 796;19 279;22 409;32 640;3 985;6 389;7 300;8 240;9 153;10 600;12 594;15 730;17 859;20 447;28 214;40,4;3,2;7,1;;;;;;;;;;;
0808;Município;Loulé;40 328;668 953;592 494;16 588;3 987;6 401;7 332;8 277;9 473;11 227;13 621;16 998;19 425;22 495;33 274;3 934;6 338;7 247;8 187;9 173;10 738;12 846;15 936;17 992;20 652;29 006;41,5;3,3;7,4;;;;;;;;;;;
0809;Município;Monchique;2 400;33 523;30 926;13 968;4 343;6 781;7 652;8 400;9 249;10 441;12 459;14 801;16 675;18 733;26 774;4 343;6 731;7 614;8 381;9 152;10 175;11 891;14 249;15 820;17 566;24 055;36,0;2,6;5,5;;;;;;;;;;;
0810;Município;Olhão;21 881;351 264;316 482;16 053;4 282;6 807;7 780;8 404;9 623;11 330;13 617;17 228;19 892;22 985;32 658;4 267;6 774;7 732;8 400;9 318;10 878;12 903;16 171;18 411;21 099;28 834;39,0;3,1;6,8;;;;;;;;;;;
0811;Município;Portimão;32 693;547 448;486 275;16 745;4 320;6 574;7 434;8 364;9 639;11 395;13 900;17 572;20 299;23 417;34 081;4 282;6 512;7 369;8 300;9 290;10 887;13 135;16 412;18 675;21 361;29 579;40,5;3,3;6,9;;;;;;;;;;;
0812;Município;São Brás de Alportel;5 514;97 246;86 074;17 636;4 295;6 869;7 824;8 496;9 896;11 799;14 710;18 779;21 626;24 500;35 924;4 264;6 812;7 746;8 455;9 564;11 254;13 737;17 365;19 655;22 271;31 021;41,4;3,3;7,3;;;;;;;;;;;
0813;Município;Silves;19 644;300 182;272 847;15 281;4 391;6 685;7 587;8 400;9 501;11 163;13 418;16 786;18 908;21 718;30 337;4 321;6 637;7 537;8 354;9 157;10 676;12 696;15 675;17 597;19 930;27 055;37,7;3,0;6,3;;;;;;;;;;;
0814;Município;Tavira;13 966;221 703;198 019;15 874;4 048;6 300;7 200;8 051;9 173;10 770;13 133;16 731;19 171;22 421;32 913;3 962;6 232;7 170;7 973;9 112;10 345;12 454;15 768;17 838;20 457;28 542;40,5;3,3;7,2;;;;;;;;;;;
0815;Município;Vila do Bispo;2 954;43 970;39 554;14 885;3 911;6 234;7 201;7 924;9 129;10 635;12 674;16 068;18 003;20 684;29 188;3 846;6 179;7 176;7 820;9 078;10 203;11 979;14 774;16 659;18 949;25 877;39,0;3,1;6,7;;;;;;;;;;;
0816;Município;Vila Real de Santo António;9 899;152 938;138 498;15 450;4 259;6 735;7 649;8 400;9 374;11 023;13 368;16 873;19 111;21 788;30 624;4 227;6 674;7 570;8 399;9 151;10 607;12 698;15 976;17 875;20 071;27 219;38,4;3,0;6,4;;;;;;;;;;;
200;NUTS 3; R. A. Açores;114 114;2 085 796;1 907 506;18 278;4 552;7 005;8 094;8 820;10 026;11 890;14 985;19 281;21 974;25 314;38 274;4 518;6 966;8 054;8 820;9 853;11 594;14 491;18 551;20 904;23 654;34 200;42,6;3,4;7,6;;;;;;;;;;;
4101;Município;Vila do Porto;2 682;59 368;52 181;22 136;4 224;6 611;7 926;8 820;10 091;12 266;15 935;20 285;23 137;27 024;44 813;4 224;6 586;7 862;8 820;9 957;11 953;15 298;19 487;21 891;25 214;39 887;49,1;3,8;9,4;;;;;;;;;;;
4201;Município;Lagoa (R.A.A.);6 382;107 219;97 834;16 800;3 738;6 164;6 938;7 800;9 129;10 484;12 624;16 658;19 265;22 270;34 412;3 725;6 164;6 928;7 797;9 101;10 301;12 357;16 146;18 688;21 394;31 559;44,7;3,5;8,5;;;;;;;;;;;
4202;Município;Nordeste;1 994;26 260;24 945;13 170;4 040;6 061;6 803;7 525;8 827;9 904;11 104;13 595;15 617;18 242;25 665;3 962;6 004;6 762;7 518;8 820;9 761;10 925;13 190;15 206;17 618;24 155;38,5;2,9;6,1;;;;;;;;;;;
4203;Município;Ponta Delgada;33 866;712 298;640 276;21 033;5 133;7 749;8 820;9 359;10 971;13 607;17 390;22 297;25 441;29 562;45 255;5 082;7 709;8 814;9 182;10 684;13 172;16 645;21 104;23 529;27 076;39 457;43,1;3,5;7,8;;;;;;;;;;;
4204;Município;Povoação;2 620;34 632;32 817;13 218;3 048;5 097;6 111;6 634;8 494;9 541;11 127;14 118;15 806;18 572;27 361;3 030;5 090;6 084;6 603;8 441;9 411;10 922;13 746;15 430;18 158;25 816;41,6;3,6;8,5;;;;;;;;;;;
4205;Município;Ribeira Grande;12 812;202 225;189 054;15 784;3 930;6 237;7 261;8 190;9 283;10 738;13 009;16 949;19 236;22 051;31 698;3 906;6 221;7 204;8 167;9 153;10 534;12 669;16 434;18 706;21 195;29 414;41,6;3,4;7,5;;;;;;;;;;;
4206;Município;Vila Franca do Campo;4 377;61 619;57 404;14 078;3 261;5 446;6 265;7 168;8 800;9 778;11 110;13 804;16 149;19 045;28 515;3 222;5 440;6 258;7 155;8 783;9 640;10 922;13 509;15 576;18 383;26 501;42,4;3,4;8,2;;;;;;;;;;;
4301;Município;Angra do Heroísmo;17 406;331 649;302 597;19 054;4 826;7 539;8 511;8 974;10 367;12 523;15 807;20 320;23 125;26 862;40 332;4 794;7 510;8 470;8 946;10 164;12 158;15 256;19 419;21 939;24 946;35 672;42,1;3,3;7,4;;;;;;;;;;;
4302;Município;Vila da Praia da Vitória;9 493;166 920;155 032;17 583;4 692;7 674;8 715;9 097;10 499;12 555;15 523;19 475;21 880;24 940;36 126;4 692;7 647;8 705;9 078;10 263;12 165;15 059;18 728;20 890;23 361;32 650;39,5;3,1;7,0;;;;;;;;;;;
4401;Município;Santa Cruz da Graciosa;1 968;32 269;29 986;16 397;4 363;6 728;7 656;8 519;9 744;11 216;13 754;17 491;20 132;22 319;33 854;4 350;6 647;7 631;8 509;9 550;11 045;13 341;16 925;19 109;21 294;31 006;40,9;3,2;7,1;;;;;;;;;;;
4501;Município;Calheta (R.A.A.);1 785;24 892;23 527;13 945;3 506;6 164;6 974;7 867;9 163;10 355;12 277;15 339;17 527;19 624;27 369;3 475;6 141;6 934;7 827;9 124;10 144;12 001;14 939;17 245;19 076;25 400;38,9;3,1;7,3;;;;;;;;;;;
4502;Município;Velas;2 456;39 203;36 723;15 962;4 675;7 057;8 065;8 806;9 793;11 464;14 194;17 640;19 589;22 144;32 433;4 665;7 004;7 996;8 802;9 688;11 205;13 716;17 097;18 872;21 246;29 462;38,8;3,0;6,3;;;;;;;;;;;
4601;Município;Lajes do Pico;2 042;32 538;30 588;15 934;5 228;7 257;8 181;8 797;9 859;11 410;13 960;17 074;19 301;21 911;31 702;5 117;7 204;8 143;8 765;9 643;11 123;13 636;16 754;18 464;20 916;29 462;38,3;2,9;5,8;;;;;;;;;;;
4602;Município;Madalena;3 137;51 504;48 137;16 418;4 910;7 342;8 226;8 819;9 913;11 555;14 352;17 996;20 222;22 654;33 350;4 907;7 330;8 193;8 799;9 714;11 308;13 947;17 413;19 267;21 657;30 039;38,9;3,0;6,1;;;;;;;;;;;
4603;Município;São Roque do Pico;1 638;26 889;24 873;16 416;4 070;6 948;7 720;8 544;9 549;10 880;13 429;17 518;19 697;22 628;34 206;4 058;6 938;7 706;8 533;9 371;10 607;13 061;16 564;18 752;21 597;32 056;41,3;3,1;7,9;;;;;;;;;;;
4701;Município;Horta;7 374;142 137;129 962;19 275;5 027;7 718;8 675;9 194;10 535;12 930;16 287;20 783;23 453;26 886;40 035;4 997;7 697;8 662;9 151;10 381;12 497;15 625;19 701;22 134;25 146;35 744;41,8;3,3;7,2;;;;;;;;;;;
4801;Município;Lajes das Flores;719;11 478;10 581;15 964;//;//;//;//;//;//;//;//;//;//;//;//;//;//;//;//;//;//;//;//;//;//;//;//;//;;;;;;;;;;;
4802;Município;Santa Cruz das Flores;1 133;18 392;17 082;16 233;//;//;//;//;//;//;//;//;//;//;//;//;//;//;//;//;//;//;//;//;//;//;//;//;//;;;;;;;;;;;
4901;Município;Corvo;230;4 304;3 909;18 715;//;//;//;//;//;//;//;//;//;//;//;//;//;//;//;//;//;//;//;//;//;//;//;//;//;;;;;;;;;;;
300;NUTS 3; R. A. Madeira;116 044;2 094 933;1 877 640;18 053;4 571;7 235;8 223;8 789;10 186;12 000;14 849;19 338;22 150;25 415;37 916;4 528;7 201;8 188;8 769;9 930;11 600;14 243;18 229;20 576;23 162;32 750;41,0;3,2;7,2;;;;;;;;;;;
3101;Município;Calheta (R.A.M.);4 060;59 647;54 800;14 691;3 217;5 748;6 749;7 571;8 942;10 260;12 038;15 634;17 930;20 865;30 401;3 152;5 713;6 710;7 530;8 891;10 029;11 756;14 896;16 988;19 576;27 870;41,4;3,4;8,8;;;;;;;;;;;
3102;Município;Câmara de Lobos;13 128;176 151;166 250;13 418;4 252;6 494;7 380;8 163;9 023;10 286;11 711;14 043;15 992;18 298;25 287;4 211;6 491;7 380;8 147;9 017;10 041;11 442;13 705;15 394;17 639;23 575;36,1;2,7;5,6;;;;;;;;;;;
3103;Município;Funchal;54 031;1 104 631;965 959;20 444;4 779;7 641;8 610;9 115;10 850;13 132;16 701;21 832;24 848;28 782;43 636;4 717;7 589;8 610;9 081;10 523;12 600;15 719;20 136;22 544;25 669;36 591;42,3;3,4;7,8;;;;;;;;;;;
3104;Município;Machico;8 832;136 917;127 346;15 502;4 550;7 221;8 138;8 725;9 906;11 359;13 481;16 855;19 332;22 120;31 027;4 519;7 211;8 115;8 718;9 671;11 072;13 143;16 158;18 439;20 798;28 315;37,3;2,9;6,3;;;;;;;;;;;
3105;Município;Ponta do Sol;3 128;44 178;41 055;14 123;3 361;5 620;6 600;7 380;8 702;9 958;11 758;14 885;17 463;20 306;29 030;3 317;5 537;6 578;7 357;8 668;9 779;11 487;14 363;16 680;19 222;26 638;40,9;3,5;8,0;;;;;;;;;;;
3106;Município;Porto Moniz;1 045;15 329;14 197;14 669;//;//;//;//;//;//;//;//;//;//;//;//;//;//;//;//;//;//;//;//;//;//;//;//;//;;;;;;;;;;;
3107;Município;Ribeira Brava;4 917;72 333;67 450;14 711;4 551;6 803;7 667;8 484;9 334;10 830;12 705;16 087;18 182;20 957;28 849;4 499;6 780;7 652;8 474;9 151;10 556;12 317;15 556;17 385;19 831;26 440;37,3;2,9;5,9;;;;;;;;;;;
3108;Município;Santa Cruz;19 261;360 300;326 400;18 706;4 687;7 688;8 610;9 230;10 934;13 194;16 953;21 716;24 227;27 316;38 546;4 682;7 652;8 610;9 152;10 643;12 686;16 061;20 270;22 362;25 025;33 811;39,4;3,3;7,2;;;;;;;;;;;
3109;Município;Santana;2 829;38 342;36 068;13 553;4 109;6 180;6 954;7 750;8 971;10 056;11 571;14 269;16 436;19 010;26 508;4 090;6 180;6 947;7 746;8 965;9 864;11 225;13 934;15 797;18 149;24 617;37,4;2,9;6,0;;;;;;;;;;;
3110;Município;São Vicente;1 856;26 711;24 714;14 392;3 902;6 190;7 159;8 065;9 020;10 430;12 351;15 235;17 400;19 989;30 002;3 813;6 180;7 063;8 055;9 015;10 273;11 863;14 655;16 612;18 999;27 150;38,7;3,1;7,1;;;;;;;;;;;
3201;Município;Porto Santo;2 957;60 395;53 401;20 424;5 353;8 001;8 825;9 774;11 300;13 617;17 038;22 320;25 629;29 595;43 515;5 334;7 995;8 801;9 474;11 030;12 964;16 206;20 723;23 185;26 053;36 670;40,4;3,3;6,9;;;;;;;;;;;
;;;;;;;;;;;;;;;;;;;;;;;;;;;;;;;;;;;;;;;;;;
Sinal convencional //: Dado não aplicável. Número de sujeitos passivos inferior a 2 000.;;;;;;;;;;;;;;;;;;;;;;;;;;;;;;;;;;;;;;;;;;
