year;resident_count_rma_2023;resident_count_rma_2024;difference_absolute;difference_percentual;material_revision_5pct;notes;source_id;source
1980;50750;;;;False;Sem cobertura no extrato do RMA 2024 (tabela do PDF começa em 2017);F002;AIMA - Agência para a Integração, Migrações e Asilo
1981;54414;;;;False;Sem cobertura no extrato do RMA 2024 (tabela do PDF começa em 2017);F002;AIMA - Agência para a Integração, Migrações e Asilo
1982;58667;;;;False;Sem cobertura no extrato do RMA 2024 (tabela do PDF começa em 2017);F002;AIMA - Agência para a Integração, Migrações e Asilo
1983;67485;;;;False;Sem cobertura no extrato do RMA 2024 (tabela do PDF começa em 2017);F002;AIMA - Agência para a Integração, Migrações e Asilo
1984;73365;;;;False;Sem cobertura no extrato do RMA 2024 (tabela do PDF começa em 2017);F002;AIMA - Agência para a Integração, Migrações e Asilo
1985;79594;;;;False;Sem cobertura no extrato do RMA 2024 (tabela do PDF começa em 2017);F002;AIMA - Agência para a Integração, Migrações e Asilo
1986;86982;;;;False;Sem cobertura no extrato do RMA 2024 (tabela do PDF começa em 2017);F002;AIMA - Agência para a Integração, Migrações e Asilo
1987;89778;;;;False;Sem cobertura no extrato do RMA 2024 (tabela do PDF começa em 2017);F002;AIMA - Agência para a Integração, Migrações e Asilo
1988;94694;;;;False;Sem cobertura no extrato do RMA 2024 (tabela do PDF começa em 2017);F002;AIMA - Agência para a Integração, Migrações e Asilo
1989;101011;;;;False;Sem cobertura no extrato do RMA 2024 (tabela do PDF começa em 2017);F002;AIMA - Agência para a Integração, Migrações e Asilo
1990;107767;;;;False;Sem cobertura no extrato do RMA 2024 (tabela do PDF começa em 2017);F002;AIMA - Agência para a Integração, Migrações e Asilo
1991;113978;;;;False;Sem cobertura no extrato do RMA 2024 (tabela do PDF começa em 2017);F002;AIMA - Agência para a Integração, Migrações e Asilo
1992;123612;;;;False;Sem cobertura no extrato do RMA 2024 (tabela do PDF começa em 2017);F002;AIMA - Agência para a Integração, Migrações e Asilo
1993;136932;;;;False;Sem cobertura no extrato do RMA 2024 (tabela do PDF começa em 2017);F002;AIMA - Agência para a Integração, Migrações e Asilo
1994;157073;;;;False;Sem cobertura no extrato do RMA 2024 (tabela do PDF começa em 2017);F002;AIMA - Agência para a Integração, Migrações e Asilo
1995;168316;;;;False;Sem cobertura no extrato do RMA 2024 (tabela do PDF começa em 2017);F002;AIMA - Agência para a Integração, Migrações e Asilo
1996;172912;;;;False;Sem cobertura no extrato do RMA 2024 (tabela do PDF começa em 2017);F002;AIMA - Agência para a Integração, Migrações e Asilo
1997;175263;;;;False;Sem cobertura no extrato do RMA 2024 (tabela do PDF começa em 2017);F002;AIMA - Agência para a Integração, Migrações e Asilo
1998;178137;;;;False;Sem cobertura no extrato do RMA 2024 (tabela do PDF começa em 2017);F002;AIMA - Agência para a Integração, Migrações e Asilo
1999;191143;;;;False;Sem cobertura no extrato do RMA 2024 (tabela do PDF começa em 2017);F002;AIMA - Agência para a Integração, Migrações e Asilo
2000;207587;;;;False;Sem cobertura no extrato do RMA 2024 (tabela do PDF começa em 2017);F002;AIMA - Agência para a Integração, Migrações e Asilo
2001;350898;;;;False;Sem cobertura no extrato do RMA 2024 (tabela do PDF começa em 2017);F002;AIMA - Agência para a Integração, Migrações e Asilo
2002;413487;;;;False;Sem cobertura no extrato do RMA 2024 (tabela do PDF começa em 2017);F002;AIMA - Agência para a Integração, Migrações e Asilo
2003;433650;;;;False;Sem cobertura no extrato do RMA 2024 (tabela do PDF começa em 2017);F002;AIMA - Agência para a Integração, Migrações e Asilo
2004;447155;;;;False;Sem cobertura no extrato do RMA 2024 (tabela do PDF começa em 2017);F002;AIMA - Agência para a Integração, Migrações e Asilo
2005;414659;;;;False;Sem cobertura no extrato do RMA 2024 (tabela do PDF começa em 2017);F002;AIMA - Agência para a Integração, Migrações e Asilo
2006;420189;;;;False;Sem cobertura no extrato do RMA 2024 (tabela do PDF começa em 2017);F002;AIMA - Agência para a Integração, Migrações e Asilo
2007;435736;;;;False;Sem cobertura no extrato do RMA 2024 (tabela do PDF começa em 2017);F002;AIMA - Agência para a Integração, Migrações e Asilo
2008;440277;;;;False;Sem cobertura no extrato do RMA 2024 (tabela do PDF começa em 2017);F002;AIMA - Agência para a Integração, Migrações e Asilo
2009;454191;;;;False;Sem cobertura no extrato do RMA 2024 (tabela do PDF começa em 2017);F002;AIMA - Agência para a Integração, Migrações e Asilo
2010;445262;;;;False;Sem cobertura no extrato do RMA 2024 (tabela do PDF começa em 2017);F002;AIMA - Agência para a Integração, Migrações e Asilo
2011;436822;;;;False;Sem cobertura no extrato do RMA 2024 (tabela do PDF começa em 2017);F002;AIMA - Agência para a Integração, Migrações e Asilo
2012;417042;;;;False;Sem cobertura no extrato do RMA 2024 (tabela do PDF começa em 2017);F002;AIMA - Agência para a Integração, Migrações e Asilo
2013;401320;;;;False;Sem cobertura no extrato do RMA 2024 (tabela do PDF começa em 2017);F002;AIMA - Agência para a Integração, Migrações e Asilo
2014;395195;;;;False;Sem cobertura no extrato do RMA 2024 (tabela do PDF começa em 2017);F002;AIMA - Agência para a Integração, Migrações e Asilo
2015;388731;;;;False;Sem cobertura no extrato do RMA 2024 (tabela do PDF começa em 2017);F002;AIMA - Agência para a Integração, Migrações e Asilo
2016;397731;;;;False;Sem cobertura no extrato do RMA 2024 (tabela do PDF começa em 2017);F002;AIMA - Agência para a Integração, Migrações e Asilo
2017;421711;421802;91;0.02;False;Números revisados em alta de menos de 5 pct;F002;AIMA - Agência para a Integração, Migrações e Asilo
2018;480300;480670;370;0.08;False;Números revisados em alta de menos de 5 pct;F002;AIMA - Agência para a Integração, Migrações e Asilo
2019;590348;592210;1862;0.32;False;Números revisados em alta de menos de 5 pct;F002;AIMA - Agência para a Integração, Migrações e Asilo
2020;662095;666830;4735;0.72;False;Números revisados em alta de menos de 5 pct;F002;AIMA - Agência para a Integração, Migrações e Asilo
2021;698887;714508;15621;2.24;False;Números revisados em alta de menos de 5 pct;F002;AIMA - Agência para a Integração, Migrações e Asilo
2022;781915;992837;210922;26.98;True;"Revisão em alta confirmada pelo RMA 2024 (Sumário Executivo; pt.2): resultado do trabalho da Estrutura de Missão para a Recuperação de Processos Pendentes na AIMA (RCM 87/2024); criada para tratar +400 mil processos de Manifestação de Interesse pendentes desde antes de jun/2024. Nota: o total de 2024 usa definição de ""residente"" mais ampla que anos anteriores (inclui Proteção Temporária; processos atendidos mas sem título emitido; renovações pagas; etc.) - não comparar diretamente com pré-2024 sem ajuste.";F002;AIMA - Agência para a Integração, Migrações e Asilo
2023;1044606;1304833;260227;24.91;True;"Revisão em alta confirmada pelo RMA 2024 (Sumário Executivo; pt.2): resultado do trabalho da Estrutura de Missão para a Recuperação de Processos Pendentes na AIMA (RCM 87/2024); criada para tratar +400 mil processos de Manifestação de Interesse pendentes desde antes de jun/2024. Nota: o total de 2024 usa definição de ""residente"" mais ampla que anos anteriores (inclui Proteção Temporária; processos atendidos mas sem título emitido; renovações pagas; etc.) - não comparar diretamente com pré-2024 sem ajuste.";F002;AIMA - Agência para a Integração, Migrações e Asilo
2024;;1543697;;;False;Ano ainda não coberto pelo RMA 2023;F002;AIMA - Agência para a Integração, Migrações e Asilo
