Índice;;;;;;;;;;;;;;;;;;;;;;;;;;;;;;;;;;;;;;;;;;;;;;;;;;;;
Código territorial;Nível territorial;Designação;Sujeitos Passivos;Rendimento bruto declarado;Rendimento bruto deduzido do IRS liquidado ;Rendimento bruto declarado médio por sujeito passivo;Percentis do rendimento bruto declarado;;;;;;;;;;;Percentis do rendimento bruto declarado por sujeito passivo (NUTS III=100);;;;;Percentis do rendimento bruto declarado deduzido do IRS liquidado;;;;;;;;;;;Coeficiente de Gini do rendimento bruto declarado deduzido do IRS liquidado;;Desigualdade na distribuição do rendimento bruto declarado deduzido do IRS liquidado;;Taxa de crescimento anual médio do rendimento bruto declarado deduzido do IRS liquidado por sujeito passivo (2021 - 2023);Taxa de variação anual dos percentis do rendimento bruto declarado deduzido do IRS liquidado (2022);;;Taxa de variação anual dos percentis do rendimento bruto declarado deduzido do IRS liquidado (2023);;;;;;;;;;
;;;;;;;10;20;25;30;40;50;60;70;75;80;90;10;25;50;75;90;10;20;25;30;40;50;60;70;75;80;90;2021;2023;P80/P20;P90/P10;;25;50;75;25;50;75;;;;;;;;
;;;Nº;Milhares €;;€;;;;;;;;;;;;%;;;;;€;€;€;€;€;€;€;€;€;€;€;%;;Nº;Nº;%;;;;;;;;;;;;;;
PT;PT;Portugal;7 910 155;125 976 735;109 664 774;15 926;4 843;6 919;7 868;8 790;10 475;11 845;13 819;16 693;18 758;21 423;30 749;;;;;;4 794;6 840;7 777;8 674;10 308;11 446;13 023;15 271;16 851;18 852;25 392;36,1;35,5;2,8;5,3;6,3;6,7;5,4;5,5;5,3;7,2;5,2;;;;;;;;
1;NUTS 1; Continente;7 560 495;120 496 294;104 667 667;15 938;4 843;6 918;7 867;8 789;10 471;11 842;13 825;16 704;18 766;21 425;30 756;;;;;;4 793;6 840;7 775;8 670;10 302;11 435;13 014;15 255;16 829;18 815;25 316;36,0;35,5;2,8;5,3;6,2;6,6;5,3;5,5;5,2;7,1;5,2;;;;;;;;
11;NUTS 2;  Norte;2 725 231;39 760 592;35 070 231;14 590;4 659;6 570;7 362;8 200;9 858;11 085;12 717;15 095;16 867;19 277;27 932;;;;;;4 617;6 521;7 291;8 116;9 711;10 885;12 136;14 049;15 402;17 220;23 395;35,5;34,7;2,6;5,1;7,5;7,6;7,5;5,9;5,8;7,5;5,8;;;;;;;;
111;NUTS 3;   Alto Minho;178 610;2 357 904;2 122 997;13 201;4 159;6 165;6 892;7 701;9 332;10 755;12 196;14 167;15 562;17 517;24 650;100;100;100;100;100;4 115;6 103;6 819;7 615;9 189;10 640;11 725;13 312;14 385;15 912;21 203;34,5;33,5;2,6;5,2;6,9;6,3;6,1;5,5;6,7;7,7;5,9;;;;;;;;
1601;Município;Arcos de Valdevez;15 461;176 851;161 915;11 439;3 288;5 340;5 935;6 600;7 995;9 591;10 878;12 549;13 707;15 157;21 234;79;86;89;88;86;3 259;5 320;5 880;6 549;7 889;9 393;10 730;11 990;12 893;14 038;18 636;35,9;34,3;2,6;5,7;6,9;8,7;6,7;6,2;7,4;7,0;7,7;;;;;;;;
1602;Município;Caminha;12 558;173 895;153 931;13 847;3 877;6 053;6 777;7 574;9 183;10 751;12 311;14 630;16 297;18 381;26 821;93;98;100;105;109;3 846;6 008;6 705;7 470;9 054;10 640;11 790;13 591;14 882;16 551;22 551;36,9;35,8;2,8;5,9;6,9;7,0;6,0;5,5;5,8;7,8;5,9;;;;;;;;
1603;Município;Melgaço;5 471;63 531;57 841;11 612;3 179;5 475;6 320;7 062;8 613;10 175;11 388;12 906;14 040;15 470;21 141;76;92;95;90;86;3 079;5 440;6 219;6 973;8 420;10 004;11 027;12 163;13 045;14 167;18 391;34,1;33,1;2,6;6,0;6,9;5,0;7,2;5,2;6,9;6,7;5,3;;;;;;;;
1604;Município;Monção;13 382;162 058;147 692;12 110;3 595;5 820;6 560;7 241;8 848;10 375;11 479;13 252;14 465;16 202;22 230;86;95;96;93;90;3 510;5 776;6 494;7 170;8 697;10 174;11 140;12 507;13 504;14 776;19 511;34,0;33,2;2,6;5,6;5,9;5,4;5,7;5,5;6,5;6,1;6,1;;;;;;;;
1605;Município;Paredes de Coura;6 612;75 997;70 198;11 494;3 862;5 797;6 374;7 013;8 455;10 005;11 194;12 980;14 039;15 305;20 202;93;92;93;90;82;3 833;5 747;6 323;6 964;8 376;9 876;10 964;12 350;13 218;14 179;17 910;32,8;31,6;2,5;4,7;7,8;6,1;6,8;7,0;8,0;8,7;7,7;;;;;;;;
1606;Município;Ponte da Barca;8 316;93 705;86 159;11 268;3 288;5 326;5 850;6 511;7 885;9 512;10 898;12 545;13 481;14 862;20 813;79;85;88;87;84;3 238;5 320;5 833;6 476;7 802;9 346;10 770;11 980;12 805;13 820;18 297;35,2;33,9;2,6;5,7;6,8;7,6;6,4;5,6;8,5;7,2;8,0;;;;;;;;
1607;Município;Ponte de Lima;31 027;383 647;350 960;12 365;4 224;6 008;6 646;7 395;8 979;10 498;11 636;13 350;14 464;16 080;22 032;102;96;98;93;89;4 193;5 961;6 610;7 338;8 864;10 373;11 346;12 686;13 553;14 870;19 405;33,2;32,4;2,5;4,6;7,3;7,6;6,8;6,8;7,7;7,9;7,5;;;;;;;;
1608;Município;Valença;11 146;134 045;123 232;12 026;4 141;6 264;6 927;7 675;9 159;10 640;11 924;13 362;14 365;15 759;20 799;100;101;99;92;84;4 086;6 191;6 830;7 581;9 070;10 580;11 492;12 634;13 435;14 567;18 363;31,7;30,5;2,4;4,5;6,6;6,5;5,9;3,7;5,2;7,3;5,6;;;;;;;;
1609;Município;Viana do Castelo;67 318;1 001 642;886 675;14 879;4 908;6 844;7 756;8 639;10 367;11 688;13 456;15 885;17 748;20 218;28 689;118;113;109;114;116;4 866;6 788;7 667;8 528;10 203;11 334;12 737;14 664;16 089;17 923;23 964;34,1;33,4;2,6;4,9;6,4;6,0;5,2;5,1;6,9;7,7;5,5;;;;;;;;
1610;Município;Vila Nova de Cerveira;7 319;92 533;84 395;12 643;3 976;6 277;7 068;7 980;9 518;10 893;12 241;13 984;15 250;16 807;22 450;96;103;101;98;91;3 947;6 205;6 986;7 912;9 390;10 721;11 710;13 171;14 164;15 431;19 500;32,7;31,5;2,5;4,9;6,7;5,7;6,4;4,3;3,1;6,9;4,2;;;;;;;;
112;NUTS 3;   Cávado;315 210;4 625 390;4 099 162;14 674;4 919;6 750;7 603;8 453;10 118;11 240;12 844;15 200;16 986;19 379;28 058;100;100;100;100;100;4 880;6 693;7 529;8 364;9 989;11 023;12 269;14 167;15 537;17 340;23 532;34,4;34,0;2,6;4,8;7,3;6,7;7,0;6,0;6,0;7,7;6,0;;;;;;;;
0301;Município;Amares;14 035;177 468;161 897;12 645;4 493;6 150;6 904;7 711;9 397;10 681;11 898;13 689;15 012;16 829;23 096;91;91;95;88;82;4 468;6 113;6 852;7 647;9 269;10 640;11 531;13 036;14 080;15 381;20 039;32,2;31,5;2,5;4,5;7,0;7,5;6,1;6,1;6,3;7,8;7,1;;;;;;;;
0302;Município;Barcelos;88 067;1 127 798;1 027 550;12 806;5 050;6 662;7 417;8 165;9 665;10 706;11 832;13 473;14 613;16 275;22 299;103;98;95;86;79;5 016;6 624;7 355;8 080;9 527;10 640;11 472;12 792;13 739;14 960;19 427;30,7;30,1;2,3;3,9;6,9;7,7;6,3;5,9;5,8;7,5;6,7;;;;;;;;
0303;Município;Braga;146 486;2 450 959;2 126 227;16 732;5 194;7 263;8 247;9 148;10 718;12 313;14 393;17 675;20 007;23 069;32 917;106;108;110;118;117;5 151;7 195;8 166;9 068;10 640;11 842;13 560;16 068;17 842;20 093;26 858;35,5;35,4;2,8;5,2;5,9;5,6;4,6;5,6;5,8;7,1;5,6;;;;;;;;
0306;Município;Esposende;27 434;399 252;352 681;14 553;4 719;6 520;7 392;8 247;9 996;11 104;12 654;15 075;16 870;19 141;27 642;96;97;99;99;99;4 662;6 457;7 289;8 136;9 880;10 896;12 074;14 072;15 394;17 114;23 174;35,5;34,5;2,7;5,0;7,6;7,8;7,3;6,4;6,9;7,8;6,4;;;;;;;;
0310;Município;Terras de Bouro;4 576;52 002;48 085;11 364;3 728;5 718;6 344;6 977;8 468;9 925;11 092;12 776;13 844;15 138;20 337;76;83;88;82;72;3 655;5 680;6 320;6 911;8 375;9 824;10 866;12 107;12 965;14 105;17 959;33,1;31,5;2,5;4,9;7,6;6,7;7,1;7,4;8,3;8,0;6,4;;;;;;;;
0313;Município;Vila Verde;34 612;417 912;382 722;12 074;4 174;5 938;6 576;7 267;8 891;10 426;11 413;13 115;14 302;16 038;21 702;85;86;93;84;77;4 111;5 892;6 545;7 197;8 772;10 287;11 138;12 479;13 462;14 746;19 080;32,5;31,9;2,5;4,6;7,4;8,0;7,6;6,9;6,5;7,3;7,3;;;;;;;;
119;NUTS 3;   Ave;326 342;4 357 302;3 940 525;13 352;5 072;6 822;7 577;8 293;9 762;10 819;12 061;13 869;15 161;17 048;23 875;100;100;100;100;100;5 038;6 789;7 519;8 229;9 651;10 711;11 660;13 133;14 152;15 601;20 642;31,9;31,2;2,3;4,1;6,7;7,8;6,2;5,8;4,6;7,2;5,8;;;;;;;;
0304;Município;Cabeceiras de Basto;10 789;121 294;112 255;11 242;3 673;5 497;6 100;6 744;8 171;9 583;10 656;12 208;13 371;14 918;20 312;72;81;89;88;85;3 650;5 482;6 065;6 703;8 109;9 449;10 640;11 683;12 719;13 935;18 045;33,8;32,4;2,5;4,9;6,6;8,1;8,1;6,1;6,9;5,1;7,5;;;;;;;;
0307;Município;Fafe;37 577;455 232;416 932;12 115;4 217;6 055;6 666;7 327;8 792;10 178;11 098;12 633;13 840;15 558;22 069;83;88;94;91;92;4 150;6 014;6 634;7 280;8 698;10 071;10 928;12 142;13 119;14 433;19 350;33,4;32,5;2,4;4,7;6,3;8,8;6,5;5,6;4,6;6,1;6,7;;;;;;;;
0308;Município;Guimarães;123 170;1 694 216;1 523 731;13 755;5 390;7 176;7 891;8 574;10 002;10 933;12 143;13 904;15 181;17 048;24 344;106;104;101;100;102;5 350;7 124;7 840;8 509;9 894;10 813;11 735;13 175;14 179;15 619;20 987;31,6;31,0;2,2;3,9;7,2;7,5;7,2;5,4;4,3;7,1;5,4;;;;;;;;
1705;Município;Mondim de Basto;4 481;48 063;44 619;10 726;3 288;5 302;5 814;6 455;7 865;9 238;10 628;11 679;12 635;14 120;20 053;65;77;85;83;84;3 288;5 277;5 795;6 420;7 769;9 141;10 451;11 274;12 019;13 126;17 788;34,2;32,8;2,5;5,4;6,9;9,3;7,5;5,3;8,6;6,2;7,3;;;;;;;;
0309;Município;Póvoa de Lanhoso;15 701;183 328;169 249;11 676;3 966;5 908;6 610;7 341;8 932;10 412;11 249;12 720;13 870;15 191;20 544;78;87;96;91;86;3 893;5 858;6 558;7 246;8 794;10 288;11 026;12 189;13 111;14 183;18 194;33,0;31,1;2,4;4,7;7,1;7,2;6,3;6,0;7,7;7,9;7,4;;;;;;;;
0311;Município;Vieira do Minho;8 451;94 775;87 392;11 215;3 472;5 460;6 066;6 690;8 052;9 463;10 738;12 200;13 285;14 698;20 340;68;80;87;88;85;3 426;5 450;6 047;6 638;7 957;9 307;10 640;11 670;12 533;13 686;18 092;34,3;33,1;2,5;5,3;6,8;9,7;7,9;4,5;7,3;5,8;6,3;;;;;;;;
0312;Município;Vila Nova de Famalicão;107 037;1 518 107;1 363 748;14 183;5 434;7 286;8 050;8 811;10 342;11 442;12 891;14 951;16 512;18 566;25 471;107;106;106;109;107;5 409;7 240;7 985;8 738;10 202;11 178;12 316;13 992;15 163;16 708;21 752;31,0;30,7;2,3;4,0;7,4;7,6;7,0;6,3;4,6;7,8;6,2;;;;;;;;
0314;Município;Vizela;19 136;242 288;222 601;12 661;5 396;7 024;7 707;8 367;9 846;10 710;11 651;12 952;14 000;15 448;21 267;106;102;99;92;89;5 364;7 002;7 663;8 328;9 763;10 650;11 358;12 435;13 281;14 447;18 746;28,8;28,6;2,1;3,5;6,7;8,4;6,3;5,3;3,4;7,0;5,9;;;;;;;;
11A;NUTS 3;   A. M. Porto;1 335 662;21 518 450;18 624 931;16 111;5 040;6 999;7 908;8 792;10 465;11 841;13 806;16 670;18 757;21 500;31 216;100;100;100;100;100;5 012;6 935;7 818;8 673;10 303;11 440;13 003;15 223;16 808;18 857;25 585;36,2;35,5;2,7;5,1;6,8;7,3;5,9;6,0;5,7;7,7;5,6;;;;;;;;
0104;Município;Arouca;15 721;189 808;173 247;12 074;4 451;6 020;6 629;7 255;8 731;10 340;11 395;12 946;14 085;15 525;21 263;88;84;87;75;68;4 396;6 008;6 583;7 175;8 606;10 169;11 116;12 365;13 297;14 374;18 630;31,9;31,4;2,4;4,2;7,3;6,9;7,2;6,2;5,9;7,4;6,8;;;;;;;;
0107;Município;Espinho;23 674;372 876;324 974;15 750;5 052;7 004;7 832;8 633;10 271;11 637;13 517;16 236;18 417;21 364;31 630;100;99;98;98;101;5 014;6 924;7 774;8 545;10 100;11 297;12 739;14 859;16 516;18 702;25 827;35,7;35,0;2,7;5,2;7,6;6,9;7,1;6,8;6,2;8,2;5,0;;;;;;;;
1304;Município;Gondomar;124 724;1 804 720;1 607 957;14 470;5 014;6 886;7 751;8 618;10 254;11 565;13 308;15 710;17 416;19 613;27 091;99;98;98;93;87;5 001;6 816;7 674;8 516;10 107;11 249;12 626;14 524;15 825;17 481;22 793;33,1;32,4;2,6;4,6;7,5;7,8;7,0;6,4;6,3;8,1;6,3;;;;;;;;
1306;Município;Maia;102 239;1 825 367;1 567 598;17 854;5 608;7 895;8 899;9 887;11 454;13 477;16 059;19 683;22 128;25 218;35 150;111;113;114;118;113;5 570;7 800;8 777;9 711;11 148;12 726;14 737;17 486;19 328;21 572;28 156;35,0;34,2;2,8;5,1;6,2;7,4;5,5;5,8;6,3;6,8;6,1;;;;;;;;
1308;Município;Matosinhos;131 612;2 362 973;2 009 550;17 954;5 440;7 651;8 629;9 537;11 066;12 927;15 304;18 875;21 335;24 635;35 649;108;109;109;114;114;5 419;7 566;8 514;9 378;10 834;12 266;14 159;16 905;18 716;21 075;28 399;36,5;35,8;2,8;5,2;6,0;7,0;5,4;5,8;5,8;6,5;5,1;;;;;;;;
0113;Município;Oliveira de Azeméis;53 338;741 158;665 863;13 895;5 330;7 114;7 891;8 647;10 150;11 408;12 880;14 916;16 317;18 109;24 283;106;100;96;87;78;5 313;7 058;7 795;8 536;10 003;11 135;12 269;13 915;14 960;16 319;20 809;30,9;30,4;2,3;3,9;7,2;7,0;6,5;6,1;5,3;7,8;6,1;;;;;;;;
1310;Município;Paredes;64 163;768 573;701 808;11 978;3 833;5 655;6 297;6 997;8 744;10 264;11 183;12 932;14 109;15 713;21 762;76;80;87;75;70;3 807;5 643;6 242;6 945;8 629;10 158;10 979;12 319;13 292;14 523;19 102;34,3;33,2;2,6;5,0;7,8;9,5;7,8;6,7;7,5;7,9;7,8;;;;;;;;
1312;Município;Porto;180 342;3 849 055;3 104 686;21 343;4 701;7 211;8 341;9 307;11 026;13 284;16 637;22 045;25 819;30 600;45 059;93;105;112;138;144;4 612;7 119;8 208;9 143;10 793;12 460;15 074;19 132;21 804;25 011;34 288;42,0;41,8;3,5;7,4;3,8;4,6;3,5;3,1;4,4;4,0;3,2;;;;;;;;
1313;Município;Póvoa de Varzim;50 397;724 301;640 617;14 372;4 267;6 254;7 074;7 931;9 677;10 911;12 625;15 131;16 888;19 289;28 035;85;89;92;90;90;4 230;6 190;6 995;7 844;9 513;10 754;12 054;14 117;15 480;17 298;23 508;35,9;35,4;2,8;5,6;6,9;7,7;6,3;5,8;6,1;7,4;6,4;;;;;;;;
0109;Município;Santa Maria da Feira;105 923;1 470 394;1 316 735;13 882;5 014;6 793;7 567;8 332;9 877;11 177;12 712;14 648;16 080;17 987;25 221;99;96;94;86;81;5 010;6 753;7 495;8 249;9 735;10 961;12 133;13 730;14 784;16 240;21 580;32,8;32,0;2,4;4,3;7,9;7,8;7,9;5,6;6,0;7,8;6,3;;;;;;;;
1314;Município;Santo Tirso;53 672;742 817;664 835;13 840;5 372;7 014;7 679;8 328;9 784;10 889;12 230;14 184;15 572;17 560;24 565;107;97;92;83;79;5 346;6 969;7 622;8 279;9 669;10 763;11 760;13 350;14 421;15 932;21 010;31,3;31,4;2,3;3,9;6,9;7,5;6,6;5,6;4,0;7,2;6,3;;;;;;;;
0116;Município;São João da Madeira;17 692;264 535;233 556;14 952;5 320;7 096;7 835;8 656;10 232;11 502;13 078;15 537;17 166;19 512;27 600;106;99;97;92;88;5 294;7 038;7 781;8 568;10 112;11 229;12 467;14 345;15 662;17 490;23 227;34,0;33,2;2,5;4,4;7,2;7,8;6,7;6,0;5,3;7,7;4,9;;;;;;;;
1318;Município;Trofa;30 870;428 074;384 639;13 867;5 202;7 068;7 897;8 693;10 222;11 358;12 904;14 896;16 390;18 226;24 443;103;100;96;87;78;5 175;7 000;7 814;8 578;10 057;11 108;12 282;13 934;14 978;16 390;20 945;31,1;30,6;2,3;4,0;7,5;6,7;7,0;6,6;5,5;8,1;5,6;;;;;;;;
0119;Município;Vale de Cambra;16 905;235 332;211 769;13 921;5 282;6 965;7 642;8 386;9 957;11 380;12 988;15 041;16 511;18 323;25 125;105;97;96;88;80;5 259;6 894;7 595;8 301;9 782;11 098;12 359;13 973;15 144;16 501;21 618;31,6;31,2;2,4;4,1;6,5;6,6;5,2;4,9;4,6;7,7;5,4;;;;;;;;
1315;Município;Valongo;72 114;1 065 140;949 491;14 770;5 220;7 161;8 114;9 000;10 622;11 968;13 768;16 291;17 996;20 185;27 689;104;103;101;96;89;5 186;7 098;8 030;8 890;10 476;11 541;12 980;14 943;16 268;17 913;23 185;32,6;31,7;2,5;4,5;7,1;7,7;6,1;6,3;7,1;8,1;6,5;;;;;;;;
1316;Município;Vila do Conde;62 200;953 813;837 588;15 335;5 130;6 950;7 777;8 635;10 285;11 566;13 484;16 111;18 000;20 460;29 156;102;98;98;96;93;5 084;6 889;7 705;8 529;10 140;11 229;12 758;14 850;16 275;18 118;24 221;34,6;34,1;2,6;4,8;7,5;8,1;7,0;7,0;5,1;8,0;6,4;;;;;;;;
1317;Município;Vila Nova de Gaia;230 076;3 719 516;3 230 018;16 166;5 074;7 095;8 018;8 910;10 612;12 074;14 068;17 080;19 198;21 974;31 252;101;101;102;102;100;5 033;7 018;7 932;8 792;10 447;11 619;13 234;15 536;17 166;19 221;25 675;35,8;35,1;2,7;5,1;6,7;7,2;5,8;6,3;6,0;7,5;5,9;;;;;;;;
11B;NUTS 3;Alto Tâmega e Barroso;59 604;707 768;641 829;11 875;3 211;5 297;5 838;6 525;7 980;9 637;10 998;12 781;14 133;16 064;23 055;100;100;100;100;100;3 160;5 258;5 795;6 443;7 885;9 449;10 772;12 154;13 255;14 704;20 004;36,9;35,8;2,8;6,3;7,3;7,5;8,0;5,5;7,8;6,7;6,8;;;;;;;;
1702;Município;Boticas;3 475;36 707;34 105;10 563;3 000;5 085;5 577;6 212;7 464;8 932;10 547;11 630;12 591;13 926;19 422;93;96;93;89;84;2 941;5 044;5 545;6 178;7 375;8 840;10 439;11 295;12 028;13 109;17 517;35,2;34,3;2,6;6,0;6,8;8,1;6,1;4,0;6,5;7,6;8,8;;;;;;;;
1703;Município;Chaves;27 143;360 006;321 841;13 263;3 469;5 644;6 385;7 152;8 934;10 640;11 963;14 196;15 904;18 251;26 686;108;109;110;113;116;3 404;5 600;6 308;7 061;8 795;10 444;11 527;13 333;14 632;16 502;22 665;37,3;36,1;2,9;6,7;6,8;8,0;6,0;4,7;7,1;7,6;6,2;;;;;;;;
1706;Município;Montalegre;6 379;69 363;63 320;10 874;2 858;4 818;5 410;5 955;7 274;8 839;10 640;12 094;13 224;14 975;21 179;89;93;92;94;92;2 815;4 732;5 363;5 891;7 165;8 662;10 371;11 557;12 430;13 804;18 429;37,0;35,8;2,9;6,5;7,3;8,1;8,4;5,8;6,5;6,2;7,5;;;;;;;;
1709;Município;Ribeira de Pena;4 065;44 050;40 265;10 836;3 288;5 091;5 557;6 034;7 454;8 913;10 412;11 615;12 490;13 719;19 084;102;95;92;88;83;3 248;5 072;5 533;5 965;7 414;8 827;10 303;11 258;11 925;12 965;17 098;34,5;34,5;2,6;5,3;6,8;6,0;6,8;4,1;7,3;6,8;5,4;;;;;;;;
1712;Município;Valpaços;10 104;102 784;95 216;10 173;2 865;4 797;5 407;5 840;6 987;8 381;10 009;11 483;12 418;13 821;19 196;89;93;87;88;83;2 819;4 779;5 388;5 803;6 908;8 258;9 843;11 096;11 834;12 958;17 201;35,9;34,9;2,7;6,1;8,7;6,0;8,5;6,4;9,2;9,0;8,7;;;;;;;;
1713;Município;Vila Pouca de Aguiar;8 438;94 859;87 082;11 242;3 162;5 288;5 805;6 484;7 814;9 340;10 662;12 301;13 457;15 118;21 428;98;99;97;95;93;3 143;5 244;5 752;6 426;7 740;9 150;10 632;11 774;12 735;14 048;18 933;35,8;34,5;2,7;6,0;7,4;8,8;9,2;6,6;7,6;5,7;6,9;;;;;;;;
11C;NUTS 3;   Tâmega e Sousa;301 891;3 474 676;3 198 630;11 510;3 940;5 665;6 300;6 933;8 436;9 938;10 858;12 300;13 387;14 846;20 682;100;100;100;100;100;3 914;5 650;6 253;6 870;8 346;9 819;10 739;11 822;12 711;13 876;18 223;33,1;32,2;2,5;4,7;7,0;8,5;7,3;6,0;6,9;6,8;7,5;;;;;;;;
1301;Município;Amarante;38 205;453 244;412 688;11 863;3 719;5 486;6 060;6 674;8 170;9 839;10 955;12 574;13 871;15 640;22 394;94;96;99;104;108;3 699;5 471;6 014;6 610;8 066;9 694;10 787;12 014;13 066;14 409;19 532;35,7;34,3;2,6;5,3;8,1;9,3;8,8;6,5;7,5;7,4;7,9;;;;;;;;
1302;Município;Baião;11 968;129 369;119 921;10 810;3 795;5 454;5 905;6 490;7 850;9 268;10 640;11 948;12 973;14 326;19 273;96;94;93;97;93;3 789;5 449;5 876;6 411;7 773;9 122;10 541;11 517;12 323;13 381;17 044;32,5;31,5;2,5;4,5;7,8;8,4;7,9;5,4;8,7;7,8;9,1;;;;;;;;
0106;Município;Castelo de Paiva;11 646;128 643;120 009;11 046;4 382;5 847;6 434;6 983;8 350;9 861;10 955;12 229;13 177;14 345;19 050;111;102;99;98;92;4 355;5 809;6 377;6 918;8 256;9 757;10 851;11 792;12 532;13 504;16 940;30,9;29,5;2,3;3,9;7,4;9,0;8,1;4,4;6,5;6,8;8,4;;;;;;;;
0305;Município;Celorico de Basto;11 639;127 176;117 614;10 927;3 523;5 452;6 003;6 583;7 919;9 329;10 640;11 697;12 637;14 051;19 302;89;95;94;94;93;3 471;5 440;5 955;6 547;7 861;9 208;10 562;11 369;12 079;13 218;17 301;33,5;32,6;2,4;5,0;6,8;8,2;7,5;6,1;8,3;6,1;7,2;;;;;;;;
1804;Município;Cinfães;12 381;121 912;113 886;9 847;3 031;5 014;5 442;5 895;6 977;8 335;9 780;10 981;11 782;12 897;17 930;77;86;84;88;87;3 012;5 002;5 440;5 852;6 908;8 228;9 638;10 772;11 351;12 242;16 081;35,0;33,8;2,4;5,3;7,2;6,4;7,5;4,5;7,5;6,9;7,2;;;;;;;;
1303;Município;Felgueiras;42 864;504 989;465 272;11 781;4 560;6 215;6 840;7 530;8 982;10 339;11 033;12 270;13 240;14 573;20 353;116;109;104;99;98;4 546;6 170;6 807;7 481;8 897;10 248;10 903;11 812;12 584;13 691;17 909;30,8;30,2;2,2;3,9;6,4;8,6;7,3;7,0;4,7;5,6;5,2;;;;;;;;
1305;Município;Lousada;36 746;421 732;390 883;11 477;4 200;5 910;6 576;7 262;8 864;10 218;10 904;12 326;13 377;14 769;20 428;107;104;103;100;99;4 180;5 881;6 548;7 202;8 750;10 121;10 787;11 873;12 739;13 855;18 031;31,4;30,6;2,4;4,3;6,9;8,6;7,1;5,0;6,8;6,8;8,3;;;;;;;;
1307;Município;Marco de Canaveses;35 563;393 536;363 093;11 066;3 421;5 355;5 903;6 549;7 886;9 401;10 646;12 049;13 162;14 650;20 062;87;94;95;98;97;3 396;5 346;5 869;6 490;7 803;9 255;10 628;11 618;12 521;13 719;17 849;34,7;33,7;2,6;5,3;7,4;6,5;7,4;5,6;8,6;7,4;8,4;;;;;;;;
1309;Município;Paços de Ferreira;42 417;493 484;456 083;11 634;4 423;5 936;6 576;7 239;8 915;10 259;10 838;12 305;13 342;14 743;20 572;112;104;103;100;99;4 391;5 910;6 546;7 188;8 825;10 178;10 739;11 842;12 733;13 835;18 114;31,4;30,6;2,3;4,1;7,1;8,4;7,0;6,7;6,9;7,2;8,1;;;;;;;;
1311;Município;Penafiel;51 834;632 875;576 470;12 210;4 079;5 852;6 555;7 215;8 767;10 298;11 283;13 020;14 197;15 854;22 206;104;104;104;106;107;4 061;5 821;6 504;7 155;8 662;10 153;11 050;12 379;13 394;14 649;19 367;33,6;32,9;2,5;4,8;7,0;7,7;7,1;6,3;8,1;6,9;7,4;;;;;;;;
1813;Município;Resende;6 628;67 717;62 711;10 217;2 679;4 572;5 221;5 609;6 727;8 093;9 753;11 156;12 230;13 817;19 591;68;83;81;91;95;2 647;4 560;5 198;5 593;6 647;8 037;9 641;10 960;11 810;13 048;17 584;38,8;37,0;2,9;6,6;7,0;7,6;7,0;6,1;7,3;7,1;8,9;;;;;;;;
11D;NUTS 3;   Douro;130 966;1 690 562;1 521 377;12 908;3 718;5 671;6 364;7 066;8 680;10 342;11 696;13 816;15 388;17 650;25 469;100;100;100;100;100;3 682;5 638;6 304;6 995;8 576;10 154;11 328;13 020;14 263;16 005;21 775;36,3;35,3;2,8;5,9;6,6;7,9;6,9;5,7;6,1;6,2;5,9;;;;;;;;
1701;Município;Alijó;7 499;80 323;74 599;10 711;3 353;5 295;5 838;6 367;7 612;8 926;10 508;11 900;13 014;14 507;20 124;90;92;86;85;79;3 344;5 258;5 798;6 320;7 505;8 792;10 372;11 466;12 366;13 651;17 776;34,3;33,0;2,6;5,3;6,9;8,3;8,1;6,3;7,9;5,8;6,7;;;;;;;;
1801;Município;Armamar;3 791;41 763;38 539;11 016;3 355;5 320;5 831;6 447;7 818;9 213;10 640;11 682;12 869;14 339;20 179;90;92;89;84;79;3 355;5 294;5 787;6 385;7 744;9 047;10 459;11 330;12 180;13 491;17 807;35,0;34,2;2,5;5,3;6,1;5,4;6,3;3,6;6,8;5,9;6,0;;;;;;;;
0403;Município;Carrazeda de Ansiães;3 694;43 000;39 239;11 640;3 496;5 440;6 057;6 662;7 998;9 386;10 690;12 450;13 654;15 269;21 600;94;95;91;89;85;3 488;5 440;6 025;6 609;7 900;9 249;10 634;11 918;12 945;14 158;18 956;35,4;34,2;2,6;5,4;7,4;9,9;7,9;4,4;6,6;6,9;7,1;;;;;;;;
0404;Município;Freixo de Espada à Cinta;2 267;26 148;24 183;11 534;4 882;6 070;6 709;7 224;8 551;9 950;11 152;12 583;13 410;14 825;19 914;131;105;96;87;78;4 762;6 024;6 603;7 117;8 463;9 800;10 858;11 868;12 732;13 762;18 095;30,4;29,8;2,3;3,8;5,9;5,8;5,7;3,9;8,0;6,1;6,4;;;;;;;;
1805;Município;Lamego;17 667;234 898;209 940;13 296;3 759;5 627;6 291;6 960;8 740;10 470;11 835;14 133;15 924;18 471;27 245;101;99;101;103;107;3 726;5 606;6 220;6 901;8 630;10 314;11 449;13 288;14 678;16 561;22 978;37,3;36,1;3,0;6,2;6,7;7,8;6,7;4,6;5,0;6,6;6,0;;;;;;;;
1704;Município;Mesão Frio;2 578;28 503;26 233;11 056;3 573;5 320;5 793;6 404;7 528;9 234;10 640;12 104;13 034;14 423;19 577;96;91;89;85;77;3 557;5 318;5 768;6 373;7 493;9 085;10 557;11 669;12 484;13 528;17 639;33,9;33,4;2,5;5,0;8,8;9,7;10,2;6,7;6,1;7,5;8,9;;;;;;;;
1807;Município;Moimenta da Beira;6 530;77 267;70 375;11 833;3 421;5 536;6 153;6 856;8 413;9 830;11 010;12 739;13 869;15 498;22 131;92;97;95;90;87;3 398;5 453;6 094;6 776;8 244;9 665;10 780;12 124;13 087;14 393;19 445;35,1;34,2;2,6;5,7;6,2;8,1;7,6;5,7;3,5;4,8;4,6;;;;;;;;
1707;Município;Murça;3 726;40 953;37 705;10 991;3 116;5 188;5 721;6 277;7 488;8 989;10 647;12 194;13 477;15 047;20 585;84;90;87;88;81;3 116;5 176;5 664;6 210;7 461;8 839;10 527;11 697;12 656;13 971;18 182;35,7;34,7;2,7;5,8;7,5;8,1;7,4;5,4;5,8;7,6;8,2;;;;;;;;
1812;Município;Penedono;1 869;20 610;18 826;11 027;//;//;//;//;//;//;//;//;//;//;//;//;//;//;//;//;//;//;//;//;//;//;//;//;//;//;//;//;//;//;//;7,5;   9;   9;   7;//;//;//;;;;;;;;
1708;Município;Peso da Régua;10 332;130 047;117 702;12 587;4 022;5 813;6 528;7 160;8 676;10 237;11 641;13 768;15 264;17 321;24 034;108;103;99;99;94;3 976;5 794;6 465;7 108;8 586;10 035;11 278;13 032;14 151;15 677;20 739;34,9;33,7;2,7;5,2;6,2;8,0;7,1;5,9;7,2;5,3;6,3;;;;;;;;
1710;Município;Sabrosa;4 055;47 214;43 560;11 644;4 201;5 852;6 475;7 070;8 462;9 870;11 047;12 582;13 681;15 260;20 375;113;102;95;89;80;4 092;5 828;6 406;7 003;8 349;9 724;10 846;12 044;12 888;14 190;18 258;31,7;31,7;2,4;4,5;6,8;7,1;6,9;6,1;7,8;6,8;6,9;;;;;;;;
1711;Município;Santa Marta de Penaguião;4 754;48 393;45 084;10 179;2 865;4 873;5 440;5 979;7 078;8 422;9 961;11 568;12 590;13 959;18 629;77;85;81;82;73;2 826;4 856;5 424;5 952;6 989;8 299;9 681;11 220;12 019;13 111;16 825;36,4;34,9;2,7;6,0;6,5;6,1;8,2;5,2;7,9;4,8;8,2;;;;;;;;
1815;Município;São João da Pesqueira;4 631;51 067;46 839;11 027;3 301;5 293;5 795;6 383;7 792;9 096;10 640;12 141;13 150;14 374;20 392;89;91;88;85;80;3 288;5 253;5 765;6 313;7 690;8 926;10 484;11 631;12 496;13 477;17 997;35,1;33,7;2,6;5,5;7,3;9,3;9,8;6,8;7,4;4,9;7,1;;;;;;;;
1818;Município;Sernancelhe;3 453;37 853;34 978;10 962;3 526;5 375;5 881;6 576;8 227;9 607;10 663;11 950;12 869;14 280;19 638;95;92;93;84;77;3 497;5 321;5 845;6 513;8 051;9 449;10 564;11 540;12 235;13 437;17 508;31,6;32,3;2,5;5,0;6,8;7,1;7,0;5,3;4,9;6,6;7,1;;;;;;;;
1819;Município;Tabuaço;3 159;33 923;31 351;10 738;3 373;5 298;5 700;6 229;7 480;8 974;10 447;11 765;12 887;14 145;20 270;91;90;87;84;80;3 372;5 243;5 680;6 205;7 331;8 799;10 201;11 357;12 129;13 296;17 936;35,0;33,2;2,5;5,3;7,9;10,6;7,3;5,4;4,7;8,5;6,8;;;;;;;;
1820;Município;Tarouca;4 836;55 560;51 219;11 489;3 649;5 514;6 075;6 774;8 378;9 980;11 053;12 647;13 773;15 296;21 245;98;95;97;90;83;3 613;5 498;6 027;6 696;8 295;9 867;10 890;12 070;12 945;14 287;18 813;33,6;32,7;2,6;5,2;6,3;8,1;6,4;6,2;5,3;6,2;4,9;;;;;;;;
0409;Município;Torre de Moncorvo;4 810;56 630;51 672;11 773;3 622;5 521;6 208;6 881;8 431;9 901;11 121;12 854;14 114;15 838;22 240;97;98;96;92;87;3 620;5 510;6 134;6 815;8 330;9 774;10 832;12 214;13 191;14 479;19 396;34,6;33,3;2,6;5,4;7,6;9,9;8,0;4,5;5,1;7,2;6,4;;;;;;;;
0914;Município;Vila Nova de Foz Côa;4 438;52 511;47 459;11 832;3 154;5 320;6 008;6 711;8 118;9 611;11 156;13 131;14 425;16 021;23 138;85;94;93;94;91;3 116;5 285;5 937;6 603;7 916;9 468;10 865;12 327;13 358;14 637;19 792;36,1;35,0;2,8;6,4;6,8;10,5;8,8;5,8;5,6;4,9;5,3;;;;;;;;
1714;Município;Vila Real;36 877;583 897;511 874;15 834;4 412;6 576;7 555;8 546;10 488;12 033;14 176;17 568;20 062;23 013;32 187;119;119;116;130;126;4 373;6 547;7 485;8 441;10 326;11 590;13 352;15 962;17 917;20 058;26 499;36,5;35,7;3,1;6,1;6,5;6,5;5,6;5,8;6,1;7,4;5,2;;;;;;;;
11E;NUTS 3;   Terras de Trás-os-Montes;76 946;1 028 539;920 780;13 367;3 811;5 803;6 549;7 305;9 016;10 640;12 174;14 458;16 153;18 627;26 312;100;100;100;100;100;3 773;5 776;6 485;7 207;8 872;10 518;11 662;13 509;14 853;16 676;22 370;36,4;35,3;2,9;5,9;6,5;6,9;6,1;4,6;7,1;7,0;5,7;;;;;;;;
0401;Município;Alfândega da Fé;3 059;35 521;32 348;11 612;3 486;5 392;6 059;6 554;7 721;9 121;10 640;12 324;13 656;15 861;23 101;91;93;86;85;88;3 461;5 369;6 003;6 529;7 617;8 965;10 477;11 780;12 959;14 723;20 134;35,5;34,8;2,7;5,8;6,0;6,2;5,2;6,0;9,7;6,8;5,6;;;;;;;;
0402;Município;Bragança;25 452;396 619;348 435;15 583;4 560;6 776;7 826;8 805;10 640;12 172;14 160;17 258;19 618;22 144;30 941;120;120;114;121;118;4 507;6 674;7 715;8 694;10 513;11 670;13 307;15 675;17 441;19 344;25 433;35,5;34,5;2,9;5,6;5,4;5,7;4,3;4,3;6,9;6,6;5,7;;;;;;;;
0405;Município;Macedo de Cavaleiros;9 917;120 665;109 002;12 167;3 288;5 284;5 784;6 383;7 925;9 528;11 073;13 023;14 443;16 611;24 129;86;88;90;89;92;3 283;5 252;5 753;6 298;7 759;9 403;10 815;12 300;13 448;15 200;20 847;38,3;36,8;2,9;6,3;7,9;6,5;7,7;6,1;8,9;8,1;6,9;;;;;;;;
0406;Município;Miranda do Douro;4 842;62 028;56 034;12 810;4 195;6 089;6 806;7 567;9 293;10 746;12 151;13 909;15 400;17 392;24 203;110;104;101;95;92;4 154;6 036;6 696;7 429;9 107;10 569;11 510;13 020;14 185;15 778;20 796;33,2;32,6;2,6;5,0;6,8;8,3;6,4;5,2;4,8;7,1;5,1;;;;;;;;
0407;Município;Mirandela;15 147;200 607;180 401;13 244;3 926;5 801;6 495;7 244;9 004;10 640;12 129;14 372;16 124;18 498;25 777;103;99;100;100;98;3 897;5 781;6 444;7 176;8 839;10 479;11 667;13 427;14 822;16 612;22 070;36,1;35,0;2,9;5,7;6,2;6,4;6,0;4,8;6,9;6,3;5,8;;;;;;;;
0408;Município;Mogadouro;5 987;73 532;66 132;12 282;3 555;5 559;6 185;6 848;8 287;9 924;11 230;13 113;14 518;16 469;23 226;93;94;93;90;88;3 460;5 498;6 127;6 766;8 181;9 743;10 852;12 306;13 505;15 056;20 068;36,0;34,8;2,7;5,8;6,6;7,4;6,9;6,6;8,8;6,3;5,6;;;;;;;;
0410;Município;Vila Flor;4 179;47 291;43 278;11 316;3 264;5 242;5 804;6 440;7 675;9 109;10 650;12 217;13 332;15 115;20 633;86;89;86;83;78;3 239;5 227;5 766;6 347;7 583;8 962;10 547;11 703;12 703;14 076;18 415;36,0;35,3;2,7;5,7;6,8;8,1;6,9;3,4;5,0;6,7;8,4;;;;;;;;
0411;Município;Vimioso;2 899;33 017;30 217;11 389;3 288;5 393;6 094;6 790;8 205;9 705;11 005;12 637;13 715;15 125;20 874;86;93;91;85;79;3 288;5 360;6 089;6 716;8 096;9 449;10 758;11 957;12 911;13 899;18 216;34,4;33,6;2,6;5,5;7,0;9,3;8,8;5,9;6,2;5,3;6,0;;;;;;;;
0412;Município;Vinhais;5 464;59 259;54 933;10 845;3 440;5 272;5 750;6 347;7 488;8 906;10 640;12 011;13 234;14 620;20 535;90;88;84;82;78;3 373;5 256;5 665;6 306;7 442;8 783;10 425;11 524;12 448;13 666;18 182;33,9;33,4;2,6;5,4;6,3;8,0;7,1;4,5;3,5;5,5;7,1;;;;;;;;
19;NUTS 2;  Centro;1 259 695;18 804 695;16 640 115;14 928;5 056;6 968;7 852;8 736;10 388;11 722;13 508;15 977;17 752;19 982;28 052;;;;;;5 018;6 894;7 764;8 618;10 212;11 358;12 769;14 712;16 072;17 765;23 531;33,6;33,1;2,6;4,7;6,6;6,4;5,5;5,3;5,7;7,6;5,7;;;;;;;;
191;NUTS 3;   Região de Aveiro;286 801;4 384 113;3 862 297;15 286;5 047;7 061;7 974;8 895;10 614;12 015;13 867;16 308;18 047;20 249;28 419;100;100;100;100;100;5 014;6 985;7 880;8 767;10 448;11 593;13 082;14 991;16 312;18 003;23 791;33,4;33,3;2,6;4,7;6,1;5,4;4,7;5,2;5,6;7,5;5,8;;;;;;;;
0101;Município;Águeda;37 063;541 034;479 709;14 598;5 295;7 038;7 866;8 727;10 306;11 522;12 965;14 979;16 387;18 264;24 851;105;99;96;91;87;5 258;6 977;7 781;8 619;10 158;11 225;12 350;14 036;15 117;16 512;21 437;31,7;32,4;2,4;4,1;6,3;5,8;5,3;5,5;5,0;7,4;5,4;;;;;;;;
0102;Município;Albergaria-a-Velha;19 353;270 182;243 986;13 961;5 106;7 029;7 914;8 785;10 423;11 780;13 431;15 476;16 932;18 662;24 505;101;99;98;94;86;5 075;6 960;7 811;8 615;10 223;11 406;12 731;14 381;15 524;16 825;21 139;30,5;30,3;2,4;4,2;6,5;4,8;5,3;4,9;5,6;7,7;6,5;;;;;;;;
0103;Município;Anadia;21 540;305 261;271 108;14 172;4 875;6 658;7 406;8 164;9 816;11 167;12 701;14 732;16 203;18 144;24 883;97;93;93;90;88;4 832;6 595;7 341;8 061;9 662;10 950;12 134;13 814;14 906;16 347;21 504;33,7;33,4;2,5;4,5;7,3;6,7;7,3;4,7;5,3;7,3;5,3;;;;;;;;
0105;Município;Aveiro;63 841;1 151 743;983 482;18 041;5 404;7 890;8 993;9 999;11 655;13 657;16 033;19 497;21 898;25 139;35 585;107;113;114;121;125;5 345;7 777;8 851;9 808;11 287;12 851;14 750;17 347;19 113;21 456;28 410;34,7;34,6;2,8;5,3;5,1;4,1;3,9;3,7;6,2;6,3;5,2;;;;;;;;
0108;Município;Estarreja;20 295;285 810;256 218;14 083;4 784;6 751;7 637;8 499;10 310;11 747;13 503;15 726;17 134;19 113;25 398;95;96;98;95;89;4 749;6 656;7 524;8 360;10 110;11 357;12 769;14 527;15 676;17 068;21 714;31,9;31,7;2,6;4,6;5,9;5,9;4,8;4,6;4,3;7,0;6,7;;;;;;;;
0110;Município;Ílhavo;30 793;497 229;433 803;16 147;5 022;7 357;8 319;9 240;10 893;12 579;14 662;17 508;19 421;21 910;30 483;100;104;105;108;107;5 001;7 248;8 216;9 120;10 732;12 006;13 685;15 907;17 336;19 228;25 170;34,0;33,7;2,7;5,0;5,8;5,0;4,6;6,4;6,1;7,0;5,8;;;;;;;;
0112;Município;Murtosa;7 160;94 301;84 531;13 171;3 183;5 509;6 417;7 276;9 125;10 854;12 617;14 795;16 258;18 293;25 222;63;80;90;90;89;3 135;5 467;6 333;7 190;8 997;10 728;12 071;13 816;14 917;16 635;21 706;35,1;35,5;3,0;6,9;6,7;6,0;6,5;7,2;5,3;7,0;5,2;;;;;;;;
0114;Município;Oliveira do Bairro;17 814;246 939;223 872;13 862;5 023;6 968;7 823;8 740;10 490;11 775;13 414;15 420;16 763;18 586;25 002;100;98;98;93;88;5 012;6 913;7 752;8 621;10 327;11 452;12 758;14 369;15 360;16 738;21 519;30,7;30,4;2,4;4,3;6,9;5,2;5,4;6,2;5,4;8,4;5,5;;;;;;;;
0115;Município;Ovar;42 849;644 600;572 001;15 044;5 207;7 122;8 032;8 871;10 505;11 875;13 721;16 110;17 764;19 950;28 060;103;101;99;98;99;5 165;7 054;7 947;8 756;10 349;11 506;12 948;14 850;16 132;17 783;23 585;33,1;32,7;2,5;4,6;6,5;6,4;5,6;5,4;5,7;7,4;6,0;;;;;;;;
0117;Município;Sever do Vouga;8 616;113 408;103 159;13 162;4 971;6 545;7 266;7 992;9 642;10 988;12 616;14 625;16 012;17 759;23 659;98;91;91;89;83;4 942;6 483;7 208;7 926;9 486;10 836;12 109;13 746;14 747;16 186;20 591;30,6;30,6;2,5;4,2;7,2;6,8;6,1;4,9;5,8;8,3;5,9;;;;;;;;
0118;Município;Vagos;17 477;233 607;210 427;13 367;4 380;6 297;7 173;8 040;9 754;11 198;12 664;14 593;15 801;17 534;23 592;87;90;93;88;83;4 326;6 208;7 057;7 942;9 563;10 943;12 111;13 675;14 611;15 885;20 492;33,1;32,4;2,6;4,7;7,8;7,6;6,7;4,8;7,5;8,9;7,3;;;;;;;;
192;NUTS 3;   Região de Coimbra;333 541;5 343 764;4 662 702;16 021;5 277;7 245;8 185;9 080;10 653;12 166;14 138;17 026;19 073;21 691;31 061;100;100;100;100;100;5 244;7 173;8 094;8 944;10 557;11 691;13 276;15 512;17 060;19 005;25 491;34,6;34,0;2,6;4,9;6,3;6,9;5,1;5,4;5,8;7,4;5,8;;;;;;;;
0601;Município;Arganil;8 061;96 911;89 502;12 022;4 715;6 394;7 094;7 813;9 137;10 456;11 413;12 867;14 026;15 531;20 749;89;87;86;74;67;4 669;6 368;7 062;7 746;9 055;10 343;11 165;12 321;13 279;14 494;18 537;30,8;29,9;2,3;4,0;6,7;7,8;6,1;6,1;6,8;7,3;6,4;;;;;;;;
0602;Município;Cantanhede;25 830;350 412;314 594;13 566;4 424;6 359;7 118;7 909;9 618;11 154;12 842;15 099;16 664;18 797;25 358;84;87;92;87;82;4 373;6 295;7 038;7 815;9 439;10 889;12 190;13 998;15 215;16 802;21 688;33,3;32,7;2,7;5,0;7,5;7,5;7,7;5,5;6,4;7,4;6,4;;;;;;;;
0603;Município;Coimbra;109 013;2 178 048;1 822 280;19 980;5 820;8 262;9 294;10 291;11 961;14 114;17 143;21 664;24 769;28 679;41 077;110;114;116;130;132;5 769;8 166;9 155;10 116;11 537;13 241;15 574;18 953;21 209;23 846;31 909;36,4;36,1;2,9;5,5;4,8;5,0;4,2;3,2;4,7;5,4;5,4;;;;;;;;
0604;Município;Condeixa-a-Nova;12 655;208 248;183 354;16 456;5 818;8 015;8 999;9 885;11 503;13 350;15 611;18 820;20 699;23 203;30 811;110;110;110;109;99;5 809;7 929;8 870;9 759;11 194;12 635;14 404;16 820;18 270;20 138;25 416;31,5;30,9;2,5;4,4;6,8;7,6;5,4;5,2;5,7;8,3;6,7;;;;;;;;
0605;Município;Figueira da Foz;46 525;752 285;658 293;16 169;5 251;7 417;8 422;9 301;10 936;12 647;14 708;17 817;19 830;22 491;31 187;100;103;104;104;100;5 229;7 326;8 298;9 146;10 726;12 022;13 701;16 075;17 632;19 629;25 613;33,6;33,4;2,7;4,9;5,7;5,5;4,3;5,2;5,9;7,1;5,6;;;;;;;;
0606;Município;Góis;2 835;34 100;31 519;12 028;5 003;6 576;7 297;7 971;9 300;10 593;11 636;13 083;14 163;15 585;20 357;95;89;87;74;66;4 919;6 548;7 199;7 872;9 172;10 437;11 263;12 446;13 373;14 426;18 199;29,4;28,6;2,2;3,7;7,0;7,2;6,7;4,8;7,4;7,2;7,1;;;;;;;;
0607;Município;Lousã;12 736;181 405;162 915;14 243;5 176;7 172;8 085;9 019;10 577;11 897;13 528;15 626;17 282;19 068;25 499;98;99;98;91;82;5 149;7 074;7 989;8 823;10 381;11 483;12 779;14 485;15 669;17 115;21 850;31,1;30,7;2,4;4,2;6,4;7,0;5,6;4,7;3,7;7,2;5,5;;;;;;;;
0111;Município;Mealhada;14 952;219 972;197 179;14 712;5 311;7 259;8 202;9 066;10 640;12 109;13 924;16 347;17 943;19 847;26 958;101;100;100;94;87;5 291;7 187;8 107;8 934;10 537;11 661;13 156;14 986;16 256;17 752;22 973;31,5;31,0;2,5;4,3;6,5;9,5;5,6;5,7;4,5;7,3;5,4;;;;;;;;
0608;Município;Mira;8 991;124 477;110 980;13 845;4 457;6 361;7 087;7 972;9 758;11 133;12 815;15 083;16 723;18 887;25 982;84;87;92;88;84;4 429;6 262;6 992;7 850;9 576;10 914;12 187;13 994;15 232;16 843;22 073;34,7;33,2;2,7;5,0;7,8;6,8;6,7;5,2;8,6;8,9;7,0;;;;;;;;
0609;Município;Miranda do Corvo;8 882;116 696;106 361;13 138;5 227;6 973;7 693;8 574;10 024;11 220;12 708;14 650;15 870;17 699;22 598;99;94;92;83;73;5 181;6 879;7 604;8 453;9 876;10 974;12 120;13 642;14 684;16 057;19 752;30,3;29,1;2,3;3,8;7,6;7,2;7,9;5,8;6,9;7,4;6,6;;;;;;;;
0610;Município;Montemor-o-Velho;18 556;269 479;242 079;14 522;5 522;7 466;8 325;9 120;10 640;12 054;13 816;16 228;17 907;19 855;26 112;105;102;99;94;84;5 492;7 380;8 209;8 996;10 469;11 570;12 995;14 972;16 225;17 705;22 220;29,7;29,6;2,4;4,0;6,7;7,7;5,5;6,1;6,4;8,0;8,4;;;;;;;;
1808;Município;Mortágua;6 823;88 293;80 281;12 940;4 750;6 490;7 196;8 031;9 544;10 816;12 115;13 761;15 054;16 743;23 082;90;88;89;79;74;4 717;6 390;7 109;7 962;9 348;10 640;11 647;12 996;14 013;15 296;20 038;31,7;31,3;2,4;4,2;6,5;8,7;6,0;4,5;5,7;7,0;6,9;;;;;;;;
0611;Município;Oliveira do Hospital;14 185;171 139;158 224;12 065;4 952;6 435;7 119;7 867;9 267;10 640;11 569;13 094;14 187;15 664;20 988;94;87;87;74;68;4 932;6 375;7 066;7 809;9 168;10 547;11 280;12 476;13 389;14 504;18 495;29,9;28,9;2,3;3,7;7,1;7,1;6,3;5,8;7,2;7,9;6,4;;;;;;;;
0612;Município;Pampilhosa da Serra;2 532;30 247;28 159;11 946;5 117;6 681;7 405;8 088;9 502;10 640;11 668;13 164;13 985;15 159;20 340;97;90;87;73;65;5 111;6 605;7 321;8 001;9 331;10 568;11 349;12 475;13 244;14 261;18 019;27,5;27,1;2,2;3,5;7,1;6,1;6,6;7,0;5,7;7,6;6,9;;;;;;;;
0613;Município;Penacova;10 088;121 216;111 912;12 016;4 641;6 265;6 949;7 669;9 091;10 640;11 890;13 638;14 684;16 053;20 920;88;85;87;77;67;4 611;6 219;6 902;7 585;8 972;10 465;11 524;12 843;13 781;14 747;18 431;29,8;29,3;2,4;4,0;7,3;7,8;6,8;6,1;6,3;7,7;7,0;;;;;;;;
0614;Município;Penela;4 017;51 351;46 676;12 784;4 716;6 475;7 219;7 979;9 338;10 686;11 999;13 851;15 041;16 808;22 657;89;88;88;79;73;4 638;6 462;7 163;7 821;9 222;10 580;11 485;13 072;14 042;15 315;19 666;31,4;30,9;2,4;4,2;6,6;6,0;5,6;6,3;7,9;7,6;5,3;;;;;;;;
0615;Município;Soure;13 276;185 348;167 687;13 961;5 647;7 487;8 335;9 093;10 622;11 927;13 560;15 695;17 164;18 976;24 461;107;102;98;90;79;5 629;7 361;8 240;8 943;10 375;11 519;12 718;14 469;15 544;16 992;20 961;28,7;28,3;2,3;3,7;6,7;7,2;5,9;5,9;6,6;7,5;5,9;;;;;;;;
0616;Município;Tábua;8 222;97 109;89 210;11 811;4 483;6 094;6 749;7 432;8 927;10 348;11 290;12 615;13 693;14 991;20 438;85;82;85;72;66;4 433;6 047;6 690;7 369;8 839;10 251;11 051;12 091;12 855;14 048;18 030;31,4;30,4;2,3;4,1;7,0;7,0;6,8;6,9;5,1;7,3;5,2;;;;;;;;
0617;Município;Vila Nova de Poiares;5 362;67 028;61 497;12 501;4 915;6 625;7 322;8 051;9 693;10 896;12 161;13 975;15 063;16 396;21 876;93;89;90;79;70;4 908;6 593;7 270;7 929;9 515;10 760;11 696;13 178;14 036;15 112;19 082;30,5;29,3;2,3;3,9;6,9;9,8;6,9;4,9;4,3;6,9;6,2;;;;;;;;
193;NUTS 3;   Região de Leiria;224 438;3 348 625;2 973 658;14 920;5 281;7 313;8 233;9 080;10 640;12 043;13 875;16 293;17 984;20 009;27 049;100;100;100;100;100;5 227;7 224;8 132;8 941;10 479;11 587;13 074;14 962;16 259;17 775;22 802;31,8;31,6;2,5;4,4;5,7;5,9;4,7;5,4;5,3;6,7;5,4;;;;;;;;
1002;Município;Alvaiázere;4 433;52 950;48 688;11 945;4 605;6 264;6 836;7 548;8 870;10 163;11 227;13 010;14 020;15 612;21 240;87;83;84;78;79;4 566;6 216;6 784;7 480;8 784;10 036;10 997;12 317;13 182;14 263;18 772;31,2;30,2;2,3;4,1;6,4;6,6;6,6;5,2;5,4;6,2;6,3;;;;;;;;
1003;Município;Ansião;8 588;109 462;99 916;12 746;4 952;6 535;7 208;8 045;9 416;10 718;12 127;13 999;15 273;16 975;22 272;94;88;89;85;82;4 933;6 497;7 162;7 920;9 297;10 621;11 656;13 264;14 141;15 516;19 489;30,8;30,3;2,4;4,0;7,0;7,4;6,4;5,2;5,8;7,7;6,1;;;;;;;;
1004;Município;Batalha;12 254;179 452;160 668;14 644;5 301;7 307;8 244;9 050;10 596;12 004;13 772;16 192;17 713;19 677;25 959;100;100;100;98;96;5 255;7 241;8 159;8 904;10 445;11 612;12 963;14 893;16 176;17 524;22 076;30,2;31,0;2,4;4,2;5,7;6,8;4,7;5,6;3,4;6,7;5,9;;;;;;;;
1007;Município;Castanheira de Pêra;2 065;24 185;22 415;11 712;5 098;6 438;6 938;7 559;8 735;9 869;10 846;12 370;13 317;14 837;20 180;97;84;82;74;75;5 089;6 381;6 925;7 478;8 677;9 763;10 720;11 882;12 663;13 724;18 170;   30;29,2;2,2;3,6;5,8;   7;   6;   6;6,3;5,4;6,2;;;;;;;;
1008;Município;Figueiró dos Vinhos;3 881;47 946;43 809;12 354;4 778;6 286;6 867;7 662;9 120;10 577;11 603;13 566;14 748;16 652;22 573;90;83;88;82;83;4 669;6 209;6 838;7 641;9 072;10 396;11 274;12 800;13 691;15 122;19 632;31,9;30,5;2,4;4,2;7,2;6,7;6,9;6,6;6,0;7,5;6,4;;;;;;;;
1009;Município;Leiria;101 718;1 640 052;1 434 669;16 124;5 440;7 679;8 645;9 536;11 033;12 726;14 678;17 510;19 359;21 655;29 804;103;105;106;108;110;5 400;7 588;8 530;9 352;10 814;12 113;13 735;15 884;17 290;19 018;24 708;32,5;32,5;2,5;4,6;5,1;5,5;4,2;5,7;4,8;6,1;4,9;;;;;;;;
1010;Município;Marinha Grande;32 444;491 155;436 675;15 139;5 440;7 827;8 721;9 536;10 952;12 556;14 414;16 895;18 535;20 396;26 721;103;106;104;103;99;5 404;7 733;8 591;9 390;10 754;11 967;13 479;15 442;16 643;18 009;22 619;29,9;30,3;2,3;4,2;4,6;3,6;4,0;5,2;4,0;5,2;4,2;;;;;;;;
1013;Município;Pedrógão Grande;2 600;31 107;28 460;11 964;4 403;6 065;6 690;7 448;8 899;10 156;11 236;12 890;14 134;16 014;22 288;83;81;84;79;82;4 377;6 051;6 653;7 321;8 794;9 970;10 914;12 119;13 193;14 487;19 586;32,3;31,3;2,4;4,5;6,3;6,0;5,0;4,8;7,3;7,7;7,4;;;;;;;;
1015;Município;Pombal;38 620;522 330;472 617;13 525;4 889;6 877;7 690;8 549;10 100;11 394;13 006;15 119;16 411;18 169;23 933;93;93;95;91;88;4 839;6 775;7 593;8 414;9 923;11 105;12 360;14 058;15 068;16 410;20 678;30,9;30,5;2,4;4,3;6,8;5,9;6,2;6,0;6,9;7,5;5,2;;;;;;;;
1016;Município;Porto de Mós;17 835;249 987;225 741;14 017;5 392;7 346;8 173;8 929;10 427;11 606;13 278;15 435;16 879;18 769;24 671;102;99;96;94;91;5 357;7 277;8 116;8 832;10 259;11 284;12 627;14 380;15 544;16 833;21 292;30,1;29,8;2,3;4,0;6,5;7,1;6,3;5,7;5,6;6,7;7,1;;;;;;;;
194;NUTS 3;   Viseu Dão Lafões;184 909;2 587 238;2 314 064;13 992;4 700;6 487;7 284;8 159;9 814;11 163;12 752;14 958;16 583;18 711;26 542;100;100;100;100;100;4 657;6 422;7 205;8 062;9 655;10 929;12 154;13 971;15 203;16 797;22 526;34,2;33,3;2,6;4,8;7,3;6,6;7,1;5,0;6,1;7,5;5,6;;;;;;;;
0901;Município;Aguiar da Beira;3 533;40 709;37 604;11 523;4 168;5 905;6 606;7 440;8 779;10 020;10 962;12 372;13 469;14 982;19 783;89;91;90;81;75;4 038;5 870;6 572;7 339;8 629;9 921;10 807;11 830;12 669;13 827;17 557;32,2;30,8;2,4;4,3;7,4;8,5;8,4;5,1;10,2;6,4;6,4;;;;;;;;
1802;Município;Carregal do Sal;6 431;81 704;74 609;12 705;4 695;6 398;7 170;8 080;9 588;10 848;12 097;13 889;15 031;16 893;22 897;100;98;97;91;86;4 626;6 327;7 083;8 026;9 425;10 718;11 643;13 138;14 099;15 513;19 739;31,2;30,3;2,5;4,3;6,9;6,8;5,7;6,4;4,3;8,1;6,3;;;;;;;;
1803;Município;Castro Daire;9 356;101 806;94 342;10 881;3 591;5 578;6 039;6 545;7 810;9 165;10 558;11 847;12 927;14 382;19 632;76;83;82;78;74;3 562;5 542;6 008;6 507;7 733;9 057;10 390;11 444;12 226;13 482;17 484;33,2;32,2;2,4;4,9;7,3;9,5;7,8;5,3;7,0;6,9;6,9;;;;;;;;
1806;Município;Mangualde;13 595;180 783;163 566;13 298;4 740;6 576;7 420;8 260;9 867;11 106;12 535;14 441;15 918;17 587;24 031;101;102;99;96;91;4 685;6 506;7 302;8 178;9 709;10 879;11 964;13 593;14 641;15 986;20 676;32,5;31,1;2,5;4,4;7,0;4,8;5,9;3,6;8,2;8,0;6,0;;;;;;;;
1809;Município;Nelas;9 763;129 996;117 749;13 315;4 915;6 643;7 361;8 225;9 803;11 102;12 559;14 462;15 805;17 708;23 925;105;101;99;95;90;4 878;6 576;7 281;8 120;9 640;10 895;11 992;13 606;14 637;16 051;20 805;31,9;30,9;2,4;4,3;7,4;6,7;7,1;5,1;6,7;7,7;4,8;;;;;;;;
1810;Município;Oliveira de Frades;7 292;93 630;85 593;12 840;5 136;6 736;7 443;8 292;9 799;10 938;12 260;14 195;15 393;17 046;22 207;109;102;98;93;84;5 112;6 648;7 369;8 183;9 639;10 771;11 823;13 283;14 349;15 466;19 368;30,4;29,3;2,3;3,8;7,0;7,1;6,1;5,0;7,5;7,8;8,5;;;;;;;;
1811;Município;Penalva do Castelo;5 111;58 972;54 344;11 538;3 805;5 564;6 154;6 873;8 395;9 992;11 202;12 919;13 935;15 494;20 482;81;84;90;84;77;3 744;5 554;6 119;6 789;8 281;9 853;10 968;12 291;13 256;14 303;18 052;32,6;32,1;2,6;4,8;6,6;6,5;6,7;4,2;6,5;6,5;8,4;;;;;;;;
1814;Município;Santa Comba Dão;7 931;102 528;93 152;12 928;4 758;6 340;7 076;7 795;9 302;10 711;12 153;14 172;15 405;17 218;23 436;101;97;96;93;88;4 740;6 279;6 981;7 727;9 177;10 640;11 737;13 380;14 259;15 611;20 260;31,5;31,4;2,5;4,3;6,6;5,5;6,0;4,5;5,0;7,2;6,4;;;;;;;;
1816;Município;São Pedro do Sul;10 904;134 502;122 557;12 335;4 142;5 984;6 632;7 429;8 920;10 399;11 582;13 264;14 377;16 081;22 262;88;91;93;87;84;4 094;5 930;6 576;7 328;8 841;10 216;11 227;12 576;13 449;14 715;19 366;33,8;32,6;2,5;4,7;6,7;10,5;7,1;5,6;4,8;6,2;6,1;;;;;;;;
1817;Município;Sátão;8 012;96 317;87 793;12 022;3 804;5 648;6 309;6 977;8 469;10 118;11 285;13 142;14 225;15 901;22 190;81;87;91;86;84;3 751;5 600;6 209;6 913;8 338;9 896;11 036;12 431;13 438;14 689;19 223;34,3;33,5;2,6;5,1;6,2;7,1;5,1;6,5;6,1;7,4;5,4;;;;;;;;
1821;Município;Tondela;18 853;249 810;227 028;13 250;4 873;6 557;7 339;8 174;9 737;11 174;12 637;14 612;15 860;17 514;23 558;104;101;100;96;89;4 829;6 504;7 280;8 077;9 569;10 932;12 079;13 671;14 640;15 968;20 490;31,9;31,1;2,5;4,2;7,4;6,3;7,5;5,3;6,1;7,2;5,5;;;;;;;;
1822;Município;Vila Nova de Paiva;3 070;36 265;33 083;11 813;3 750;5 587;6 217;6 965;8 574;10 175;11 440;13 188;14 297;15 898;22 119;80;85;91;86;83;3 740;5 570;6 169;6 836;8 466;9 980;11 101;12 353;13 383;14 690;19 283;34,5;32,9;2,6;5,2;6,9;10,2;5,8;5,3;8,6;8,1;8,0;;;;;;;;
1823;Município;Viseu;74 291;1 195 353;1 045 072;16 090;5 038;7 038;8 020;9 007;10 706;12 293;14 300;17 320;19 508;22 284;32 010;107;110;110;118;121;5 014;6 969;7 927;8 880;10 637;11 799;13 466;15 785;17 433;19 512;26 187;35,2;34,5;2,8;5,2;5,9;6,1;4,8;5,1;5,4;7,1;4,5;;;;;;;;
1824;Município;Vouzela;6 767;84 862;77 572;12 541;4 979;6 490;7 196;7 912;9 332;10 720;11 890;13 437;14 548;16 164;22 024;106;99;96;88;83;4 976;6 455;7 146;7 804;9 222;10 640;11 496;12 772;13 634;14 937;19 169;32,1;30,0;2,3;3,9;7,0;10,4;6,4;6,4;5,8;7,7;6,7;;;;;;;;
195;NUTS 3;   Beira Baixa;74 358;1 033 577;928 718;13 900;5 014;6 751;7 576;8 435;10 002;11 259;12 826;15 017;16 583;18 680;25 776;100;100;100;100;100;4 992;6 688;7 484;8 328;9 836;10 986;12 206;13 956;15 182;16 761;21 983;32,6;31,9;2,5;4,4;7,1;6,7;6,8;5,1;5,8;7,5;5,6;;;;;;;;
0502;Município;Castelo Branco;40 984;627 147;556 393;15 302;5 320;7 404;8 382;9 220;10 740;12 190;14 013;16 576;18 442;20 793;28 961;106;111;108;111;112;5 308;7 327;8 261;9 115;10 640;11 707;13 155;15 189;16 623;18 401;24 209;32,6;32,0;2,5;4,6;5,8;6,2;4,4;5,5;5,5;7,2;5,2;;;;;;;;
0505;Município;Idanha-a-Nova;6 020;71 776;65 952;11 923;4 720;6 204;6 935;7 669;9 105;10 554;11 581;13 129;14 245;15 526;20 465;94;92;94;86;79;4 648;6 166;6 860;7 576;8 971;10 394;11 151;12 407;13 226;14 328;18 140;30,9;29,6;2,3;3,9;6,2;4,3;5,8;5,1;5,9;6,6;5,4;;;;;;;;
0506;Município;Oleiros;3 548;42 985;39 342;12 115;4 988;6 309;6 831;7 377;8 642;10 006;11 290;12 735;13 945;15 611;22 029;99;90;89;84;85;4 931;6 250;6 801;7 332;8 503;9 801;11 003;12 043;13 040;14 369;19 269;31,6;31,0;2,3;3,9;6,9;7,2;6,8;8,3;6,5;7,0;6,2;;;;;;;;
0507;Município;Penamacor;3 123;37 041;34 037;11 861;4 816;6 314;6 908;7 608;8 932;10 333;11 496;12 870;13 940;15 184;19 989;96;91;92;84;78;4 755;6 269;6 809;7 478;8 777;10 168;11 132;12 230;13 074;14 072;17 798;30,1;29,5;2,2;3,7;5,7;7,2;6,2;5,8;5,4;5,1;6,2;;;;;;;;
0508;Município;Proença-a-Nova;5 150;65 513;59 620;12 721;4 771;6 411;7 078;7 811;9 112;10 623;11 781;13 773;15 185;17 022;23 667;95;93;94;92;92;4 702;6 329;6 997;7 734;9 014;10 375;11 403;13 015;14 120;15 574;20 413;33,1;31,4;2,5;4,3;6,6;8,6;6,8;6,1;8,7;6,5;5,8;;;;;;;;
0511;Município;Vila Velha de Ródão;2 539;34 098;30 902;13 430;5 440;7 097;7 921;8 884;10 174;11 345;13 094;15 067;16 500;18 262;23 144;109;105;101;99;90;5 440;7 068;7 882;8 800;10 011;11 051;12 349;13 869;15 048;16 268;19 943;28,9;28,3;2,3;3,7;6,7;7,4;6,1;4,5;4,8;7,2;7,1;;;;;;;;
0509;Município;Sertã;10 647;125 743;115 454;11 810;4 253;5 809;6 456;7 098;8 585;10 180;11 281;12 880;14 110;15 823;21 257;85;85;90;85;82;4 194;5 795;6 388;7 001;8 459;10 007;11 036;12 265;13 238;14 593;18 586;32,3;31,7;2,5;4,4;7,2;5,2;6,1;5,4;7,7;8,2;8,2;;;;;;;;
0510;Município;Vila de Rei;2 347;29 273;27 018;12 472;5 337;6 832;7 484;8 287;9 474;10 760;11 904;13 867;15 211;16 849;21 664;106;99;96;92;84;5 237;6 755;7 472;8 177;9 370;10 640;11 527;13 143;14 185;15 433;18 822;28,8;28,2;2,3;3,6;6,7;5,2;5,9;3,7;5,9;7,5;8,3;;;;;;;;
196;NUTS 3;   Beiras e Serra da Estrela;155 648;2 107 378;1 898 677;13 539;4 851;6 576;7 318;8 126;9 624;10 891;12 331;14 486;15 993;18 085;25 243;100;100;100;100;100;4 806;6 539;7 255;8 051;9 479;10 740;11 828;13 569;14 719;16 334;21 600;33,3;32,2;2,5;4,5;6,9;7,4;6,3;5,7;6,1;7,6;6,0;;;;;;;;
0902;Município;Almeida;4 379;57 313;52 173;13 088;4 807;6 661;7 491;8 352;9 880;10 970;12 320;14 440;15 750;17 684;23 801;99;102;101;98;94;4 795;6 576;7 364;8 225;9 677;10 709;11 757;13 453;14 555;15 903;20 507;31,8;30,7;2,4;4,3;6,6;6,5;6,3;6,4;8,3;7,0;5,5;;;;;;;;
0501;Município;Belmonte;4 469;54 937;50 524;12 293;4 964;6 419;7 097;7 890;9 387;10 640;11 678;13 293;14 641;16 703;21 550;102;97;98;92;85;4 924;6 336;7 054;7 817;9 236;10 566;11 346;12 648;13 699;15 198;19 114;30,6;29,5;2,4;3,9;6,9;8,0;5,4;4,5;3,8;8,4;7,7;;;;;;;;
0903;Município;Celorico da Beira;4 600;57 187;52 225;12 432;4 365;6 000;6 777;7 676;9 233;10 576;11 769;13 412;14 777;16 647;21 938;90;93;97;92;87;4 333;5 948;6 703;7 595;9 094;10 463;11 400;12 739;13 895;15 177;19 337;32,4;31,5;2,6;4,5;6,0;8,0;5,6;5,0;6,0;6,4;5,9;;;;;;;;
0503;Município;Covilhã;36 124;514 635;460 054;14 246;5 326;7 055;7 830;8 576;9 977;11 143;12 626;14 708;16 258;18 553;26 754;110;107;102;102;106;5 320;7 021;7 772;8 514;9 845;10 957;12 046;13 775;14 897;16 651;22 573;32,7;32,0;2,4;4,2;7,9;7,2;8,0;5,8;5,5;7,7;5,2;;;;;;;;
0904;Município;Figueira de Castelo Rodrigo;3 740;44 138;40 493;11 802;3 896;5 809;6 441;6 977;8 384;9 695;10 947;12 618;13 912;15 685;22 274;80;88;89;87;88;3 872;5 795;6 407;6 945;8 226;9 506;10 716;11 993;13 083;14 460;19 543;34,0;32,9;2,5;5,0;6,7;6,5;6,5;5,8;9,5;7,0;7,9;;;;;;;;
0905;Município;Fornos de Algodres;2 908;34 220;31 371;11 768;3 987;5 797;6 387;7 127;8 618;9 976;11 035;12 474;13 615;15 336;21 331;82;87;92;85;85;3 953;5 780;6 335;7 060;8 566;9 838;10 836;11 899;12 808;14 271;18 656;32,6;32,2;2,5;4,7;6,4;9,8;8,2;5,8;4,9;4,7;5,7;;;;;;;;
0504;Município;Fundão;20 058;264 910;239 235;13 207;4 583;6 404;7 199;8 028;9 598;10 868;12 290;14 482;15 954;17 780;24 230;94;98;100;100;96;4 561;6 348;7 133;7 947;9 438;10 715;11 765;13 536;14 624;16 023;20 731;32,4;31,7;2,5;4,5;7,0;8,2;6,5;7,3;5,6;7,5;6,3;;;;;;;;
0906;Município;Gouveia;8 701;106 178;97 072;12 203;4 560;6 196;6 793;7 485;8 845;10 221;11 371;12 927;14 143;15 691;21 779;94;93;94;88;86;4 515;6 142;6 746;7 380;8 742;10 105;11 097;12 342;13 327;14 510;19 031;32,4;31,5;2,4;4,2;6,2;6,0;6,4;4,8;5,6;6,0;7,2;;;;;;;;
0907;Município;Guarda;29 623;472 954;416 614;15 966;5 440;7 431;8 443;9 339;10 877;12 548;14 672;17 738;19 752;22 186;30 349;112;115;115;124;120;5 411;7 361;8 347;9 208;10 730;12 011;13 709;16 103;17 615;19 461;25 175;33,9;32,6;2,6;4,7;6,3;7,4;4,5;5,2;6,7;8,1;6,2;;;;;;;;
0908;Município;Manteigas;2 235;27 279;25 069;12 205;5 070;6 345;6 865;7 374;8 639;9 982;11 302;12 867;14 056;15 355;21 309;105;94;92;88;84;5 054;6 309;6 852;7 362;8 632;9 880;11 091;12 243;13 204;14 430;19 141;30,8;30,7;2,3;3,8;6,5;9,5;10,6;6,6;4,4;2,6;8,6;;;;;;;;
0909;Município;Mêda;3 230;36 936;33 818;11 435;3 570;5 445;5 915;6 667;8 142;9 708;10 945;12 492;13 715;15 295;20 576;74;81;89;86;82;3 512;5 412;5 852;6 610;8 069;9 565;10 730;11 825;12 841;14 167;18 187;34,0;33,2;2,6;5,2;6,8;7,4;8,4;6,2;3,9;5,3;6,6;;;;;;;;
0910;Município;Pinhel;6 240;73 086;66 940;11 713;3 815;5 745;6 334;6 978;8 552;9 944;11 233;13 046;14 295;15 891;21 550;79;87;91;89;85;3 778;5 707;6 281;6 882;8 367;9 780;10 933;12 273;13 277;14 580;18 686;33,1;32,1;2,6;4,9;7,0;7,4;6,8;5,8;7,6;7,2;7,9;;;;;;;;
0911;Município;Sabugal;7 271;90 385;82 574;12 431;4 117;6 200;6 977;7 791;9 319;10 640;11 779;13 725;14 983;16 743;22 397;85;95;98;94;89;3 977;6 099;6 866;7 692;9 161;10 531;11 433;12 823;13 957;15 246;19 413;33,4;31,7;2,5;4,9;7,3;8,6;6,6;5,8;9,0;7,9;6,5;;;;;;;;
0912;Município;Seia;16 132;201 163;184 627;12 470;4 904;6 399;7 018;7 726;9 062;10 469;11 604;13 303;14 537;16 234;22 750;101;96;96;91;90;4 877;6 378;6 977;7 666;8 996;10 359;11 325;12 644;13 613;14 972;19 873;31,8;30,8;2,3;4,1;6,1;7,3;5,8;5,6;5,2;6,4;5,3;;;;;;;;
0913;Município;Trancoso;5 938;72 058;65 891;12 135;4 025;5 866;6 490;7 165;8 707;10 257;11 354;13 116;14 220;15 891;22 381;83;89;94;89;89;3 933;5 820;6 439;7 087;8 574;10 053;11 048;12 461;13 447;14 601;19 519;34,2;33,0;2,5;5,0;6,6;9,1;5,7;5,9;7,8;7,5;7,4;;;;;;;;
1D;NUTS 2;Oeste e Vale do Tejo;630 366;9 161 148;8 164 920;14 533;5 000;6 957;7 843;8 694;10 244;11 548;13 321;15 765;17 449;19 622;27 010;;;;;;4 958;6 884;7 760;8 592;10 080;11 221;12 621;14 560;15 874;17 506;22 831;32,8;32,5;2,5;4,6;6,5;6,4;5,8;5,6;4,9;7,2;5,7;;;;;;;;
1D1;NUTS 3;Oeste;285 829;4 177 674;3 710 843;14 616;4 793;6 804;7 729;8 598;10 200;11 480;13 270;15 756;17 479;19 720;27 411;100;100;100;100;100;4 734;6 748;7 629;8 497;10 034;11 166;12 576;14 550;15 895;17 576;23 072;33,5;33,3;2,6;4,9;6,7;6,4;6,1;5,8;5,0;7,3;6,0;;;;;;;;
1001;Município;Alcobaça;42 791;595 691;537 272;13 921;5 200;7 116;7 992;8 760;10 197;11 360;12 946;15 045;16 450;18 381;24 900;108;103;99;94;91;5 146;7 059;7 906;8 652;10 053;11 096;12 312;14 000;15 130;16 573;21 386;30,9;30,8;2,3;4,2;6,6;8,0;6,3;5,9;4,1;7,0;6,1;;;;;;;;
1101;Município;Alenquer;34 765;522 484;464 920;15 029;5 210;7 391;8 386;9 240;10 739;12 235;14 099;16 658;18 299;20 462;27 474;109;109;107;105;100;5 182;7 310;8 281;9 120;10 640;11 743;13 295;15 267;16 528;18 117;23 152;31,5;31,3;2,5;4,5;6,1;5,7;4,6;5,2;6,6;7,6;6,9;;;;;;;;
1102;Município;Arruda dos Vinhos;10 978;199 268;170 829;18 152;5 593;7 921;8 963;9 880;11 523;13 524;16 131;19 971;22 246;24 889;35 220;117;116;118;127;128;5 548;7 808;8 848;9 702;11 198;12 816;14 855;17 727;19 408;21 428;28 277;34,4;34,8;2,7;5,1;6,5;6,5;6,5;5,1;5,1;6,5;6,1;;;;;;;;
1005;Município;Bombarral;9 776;134 108;119 934;13 718;4 327;6 302;7 072;7 803;9 559;10 913;12 693;14 859;16 508;18 597;25 553;90;92;95;94;93;4 270;6 230;6 987;7 749;9 386;10 740;12 060;13 877;15 175;16 740;21 776;33,7;33,5;2,7;5,1;6,8;6,6;6,4;6,0;4,8;7,2;7,1;;;;;;;;
1104;Município;Cadaval;10 099;136 469;122 814;13 513;4 684;6 549;7 308;8 192;9 722;11 009;12 726;14 959;16 505;18 479;24 165;98;95;96;94;88;4 656;6 490;7 239;8 082;9 558;10 829;12 102;13 930;15 060;16 513;20 902;32,9;31,8;2,5;4,5;7,2;9,8;7,0;6,1;5,1;7,5;6,3;;;;;;;;
1006;Município;Caldas da Rainha;40 321;597 832;528 792;14 827;4 489;6 649;7 545;8 444;10 076;11 395;13 276;15 874;17 719;20 046;28 467;94;98;99;101;104;4 408;6 577;7 451;8 343;9 914;11 104;12 595;14 648;16 068;17 869;23 836;35,2;34,7;2,7;5,4;6,7;6,4;6,4;4,5;4,8;7,0;5,4;;;;;;;;
1108;Município;Lourinhã;20 514;288 446;256 622;14 061;4 373;6 342;7 226;8 057;9 651;10 970;12 735;15 215;16 957;19 106;26 603;91;93;96;97;97;4 325;6 271;7 126;7 954;9 468;10 776;12 105;14 171;15 498;17 155;22 568;34,6;34,2;2,7;5,2;7,0;5,9;7,3;6,1;7,1;6,7;5,5;;;;;;;;
1011;Município;Nazaré;11 832;158 104;141 925;13 362;4 395;6 506;7 274;8 106;9 605;10 901;12 420;14 358;15 894;17 605;24 463;92;94;95;91;89;4 306;6 411;7 176;7 980;9 438;10 702;11 876;13 457;14 586;15 949;20 985;33,0;32,4;2,5;4,9;6,6;6,4;6,5;6,1;6,1;6,7;6,0;;;;;;;;
1012;Município;Óbidos;9 389;138 193;122 268;14 719;4 634;6 733;7 615;8 474;10 048;11 322;13 056;15 470;17 288;19 832;27 903;97;99;99;99;102;4 564;6 642;7 506;8 341;9 885;11 022;12 374;14 331;15 749;17 684;23 542;34,9;34,3;2,7;5,2;7,6;7,1;7,8;6,4;7,7;7,3;6,5;;;;;;;;
1014;Município;Peniche;20 649;285 524;256 149;13 828;4 560;6 576;7 451;8 296;9 872;11 077;12 698;14 985;16 546;18 712;25 993;95;96;96;95;95;4 512;6 535;7 372;8 222;9 740;10 856;12 092;13 954;15 183;16 784;22 131;32,9;32,7;2,6;4,9;7,3;5,6;7,4;5,7;4,9;7,3;5,7;;;;;;;;
1112;Município;Sobral de Monte Agraço;8 208;123 620;109 180;15 061;4 791;6 806;7 828;8 852;10 455;11 774;13 770;16 498;18 334;20 563;29 102;100;101;103;105;106;4 686;6 784;7 744;8 769;10 290;11 411;12 980;15 133;16 489;18 161;24 174;33,0;33,5;2,7;5,2;5,5;4,4;4,4;5,2;2,5;6,6;5,2;;;;;;;;
1113;Município;Torres Vedras;66 507;997 934;880 137;15 005;4 777;6 740;7 667;8 575;10 234;11 465;13 330;15 957;17 856;20 364;28 481;100;99;100;102;104;4 725;6 666;7 574;8 456;10 051;11 151;12 623;14 728;16 204;17 999;23 818;34,2;34,3;2,7;5,0;6,2;5,7;5,3;5,7;4,7;7,2;5,4;;;;;;;;
1D2;NUTS 3;   Médio Tejo;160 615;2 306 678;2 066 398;14 362;5 231;7 121;7 998;8 810;10 329;11 608;13 296;15 663;17 354;19 469;26 568;100;100;100;100;100;5 206;7 055;7 916;8 707;10 160;11 267;12 596;14 464;15 772;17 383;22 532;31,9;31,3;2,5;4,3;6,6;6,9;5,8;5,4;5,4;7,4;5,7;;;;;;;;
1401;Município;Abrantes;25 923;368 046;329 709;14 198;5 329;7 064;7 861;8 607;10 029;11 405;13 125;15 312;16 923;19 002;26 532;102;98;98;98;100;5 320;7 004;7 785;8 537;9 880;11 100;12 428;14 181;15 430;16 986;22 434;31,7;31,3;2,4;4,2;6,9;6,4;6,2;4,7;5,4;7,6;5,8;;;;;;;;
1402;Município;Alcanena;9 791;126 966;115 969;12 968;5 156;7 027;7 736;8 532;9 790;10 938;12 194;13 894;15 058;16 738;22 695;99;97;94;87;85;5 150;6 962;7 680;8 446;9 692;10 778;11 709;13 074;14 003;15 348;19 712;30,3;29,2;2,2;3,8;7,0;8,5;6,9;5,6;4,7;7,1;5,1;;;;;;;;
1408;Município;Constância;2 931;42 932;38 660;14 648;5 759;7 673;8 535;9 334;10 789;12 096;13 783;16 674;18 331;20 308;27 072;110;107;104;106;102;5 755;7 630;8 443;9 233;10 640;11 627;12 967;15 059;16 415;18 026;22 784;29,6;28,9;2,4;4,0;6,2;5,1;5,4;6,2;5,4;7,0;5,3;;;;;;;;
1410;Município;Entroncamento;15 311;255 501;223 949;16 687;5 374;8 094;9 110;10 067;11 618;13 568;15 894;19 202;21 273;23 817;31 581;103;114;117;123;119;5 322;7 981;8 956;9 877;11 249;12 745;14 594;17 141;18 736;20 535;25 909;31,3;31,9;2,6;4,9;3,4;3,1;2,3;5,0;2,7;4,5;3,8;;;;;;;;
1411;Município;Ferreira do Zêzere;5 799;70 816;65 315;12 212;4 911;6 476;7 140;7 896;9 272;10 622;11 842;13 542;14 625;15 989;20 979;94;89;92;84;79;4 860;6 417;7 075;7 829;9 183;10 462;11 447;12 850;13 718;14 782;18 538;29,9;29,5;2,3;3,8;6,8;7,9;6,6;7,5;5,6;6,9;7,0;;;;;;;;
1413;Município;Mação;4 720;60 408;55 158;12 798;5 313;6 817;7 513;8 287;9 615;10 802;11 976;13 810;15 107;16 915;22 676;102;94;93;87;85;5 293;6 771;7 471;8 212;9 492;10 670;11 532;12 940;14 015;15 255;19 763;30,3;29,1;2,3;3,7;6,8;8,3;5,5;4,9;4,6;8,1;6,1;;;;;;;;
1421;Município;Ourém;34 110;459 973;416 393;13 485;4 833;6 795;7 635;8 546;10 149;11 308;12 773;14 735;16 144;17 912;23 800;92;95;97;93;90;4 786;6 742;7 545;8 418;9 981;11 052;12 185;13 848;14 875;16 198;20 514;31,2;30,7;2,4;4,3;7,3;6,1;7,1;5,4;5,6;7,5;5,8;;;;;;;;
1417;Município;Sardoal;2 744;35 979;32 667;13 112;5 254;6 865;7 627;8 418;9 694;10 642;11 900;13 672;15 403;17 803;24 345;100;95;92;89;92;5 254;6 790;7 567;8 359;9 607;10 622;11 469;12 912;14 188;16 026;20 791;31,4;30,0;2,4;4,0;6,2;4,1;4,5;5,5;9,1;7,9;6,4;;;;;;;;
1418;Município;Tomar;27 513;401 082;356 396;14 578;4 967;6 841;7 723;8 572;10 091;11 471;13 291;15 879;17 713;19 919;27 411;95;97;99;102;103;4 938;6 782;7 653;8 461;9 959;11 181;12 594;14 582;16 057;17 679;23 032;33,8;32,9;2,6;4,7;7,5;7,3;7,2;6,2;6,4;7,8;6,2;;;;;;;;
1419;Município;Torres Novas;26 189;397 657;354 177;15 184;5 604;7 591;8 462;9 219;10 640;12 067;13 909;16 565;18 460;20 812;28 703;107;106;104;106;108;5 581;7 549;8 394;9 120;10 528;11 613;13 115;15 202;16 661;18 503;24 022;31,7;31,1;2,5;4,3;6,1;7,2;5,7;6,5;6,0;6,6;5,5;;;;;;;;
1420;Município;Vila Nova da Barquinha;5 584;87 318;78 005;15 637;6 212;8 393;9 285;10 101;11 387;13 129;15 165;18 282;19 964;21 939;28 336;119;116;113;115;107;6 145;8 284;9 121;9 890;11 107;12 410;14 107;16 354;17 632;19 226;23 913;28,9;28,5;2,3;3,9;6,3;7,0;4,8;7,6;5,6;7,9;6,8;;;;;;;;
1D3;NUTS 3;   Lezíria do Tejo;183 922;2 676 797;2 387 680;14 554;5 060;7 019;7 893;8 735;10 235;11 601;13 430;15 866;17 500;19 614;26 847;100;100;100;100;100;5 036;6 958;7 818;8 641;10 076;11 261;12 719;14 653;15 932;17 524;22 750;32,4;32,2;2,5;4,5;6,1;6,1;5,3;5,3;4,6;6,9;5,5;;;;;;;;
1403;Município;Almeirim;16 864;227 976;205 934;13 519;4 637;6 500;7 257;8 072;9 541;10 937;12 784;15 146;16 639;18 629;25 217;92;92;94;95;94;4 617;6 457;7 196;8 014;9 406;10 779;12 164;14 117;15 300;16 756;21 692;32,7;32,1;2,6;4,7;7,0;7,2;6,7;6,2;6,0;7,3;6,5;;;;;;;;
1404;Município;Alpiarça;5 540;73 428;66 685;13 254;4 765;6 576;7 261;8 003;9 414;10 786;12 428;14 762;16 224;18 169;24 364;94;92;93;93;91;4 765;6 550;7 252;7 929;9 294;10 640;11 928;13 820;14 996;16 409;21 100;32,3;31,6;2,5;4,4;6,6;7,9;6,8;4,4;3,5;6,4;7,0;;;;;;;;
1103;Município;Azambuja;16 129;233 174;209 731;14 457;5 451;7 499;8 474;9 305;10 718;12 111;13 857;16 074;17 518;19 451;25 685;108;107;104;100;96;5 441;7 417;8 344;9 173;10 640;11 655;13 061;14 778;15 934;17 389;21 890;30,3;29,6;2,3;4,0;5,8;5,3;4,1;4,8;8,1;7,6;5,7;;;;;;;;
1405;Município;Benavente;23 128;359 757;315 968;15 555;5 159;7 484;8 515;9 270;10 689;12 185;14 112;16 689;18 390;20 541;27 947;102;108;105;105;104;5 129;7 398;8 430;9 157;10 640;11 712;13 259;15 297;16 572;18 152;23 505;32,4;32,7;2,5;4,6;5,1;4,5;4,5;5,8;6,0;5,8;4,9;;;;;;;;
1406;Município;Cartaxo;18 273;277 149;246 554;15 167;5 396;7 591;8 521;9 302;10 711;12 331;14 299;16 721;18 306;20 338;27 708;107;108;106;105;103;5 355;7 485;8 415;9 172;10 640;11 820;13 383;15 320;16 544;18 005;23 384;31,7;31,2;2,4;4,4;6,1;6,1;4,6;5,1;6,7;7,6;5,9;;;;;;;;
1407;Município;Chamusca;6 331;80 255;73 897;12 676;5 440;6 806;7 475;8 132;9 291;10 662;12 033;13 741;14 871;16 511;22 441;107;95;92;85;84;5 415;6 790;7 450;8 084;9 222;10 630;11 660;12 995;13 843;15 304;19 573;29,5;28,9;2,3;3,6;6,9;7,8;6,0;7,0;6,4;7,7;7,3;;;;;;;;
1409;Município;Coruche;13 035;175 120;158 762;13 435;5 440;7 035;7 740;8 390;9 492;10 735;12 298;14 399;15 698;17 645;24 124;107;98;93;90;90;5 440;6 965;7 688;8 320;9 374;10 640;11 795;13 515;14 536;15 973;20 796;31,0;30,3;2,3;3,8;6,9;7,6;6,0;5,3;7,5;7,8;5,8;;;;;;;;
1412;Município;Golegã;4 161;59 423;53 341;14 281;5 736;7 493;8 201;8 919;10 279;11 692;13 311;15 552;16 969;19 359;25 016;113;104;101;97;93;5 670;7 452;8 165;8 833;10 175;11 349;12 646;14 372;15 594;17 246;21 599;30,6;29,9;2,3;3,8;6,6;7,8;6,9;5,6;4,3;6,3;5,8;;;;;;;;
1414;Município;Rio Maior;17 383;230 593;208 479;13 265;4 319;6 287;7 081;7 934;9 573;10 905;12 488;14 591;16 060;18 043;24 000;85;90;94;92;89;4 288;6 244;7 002;7 871;9 436;10 753;11 945;13 723;14 882;16 356;20 860;31,8;32,5;2,6;4,9;5,8;2,7;5,5;4,8;0,5;6,2;4,8;;;;;;;;
1415;Município;Salvaterra de Magos;16 933;238 877;214 546;14 107;5 228;7 017;7 855;8 599;10 084;11 394;13 200;15 572;17 199;19 172;25 823;103;100;98;98;96;5 209;6 985;7 762;8 524;9 915;11 098;12 527;14 441;15 676;17 190;21 937;31,5;31,1;2,5;4,2;7,2;8,0;6,9;6,3;4,0;7,5;7,2;;;;;;;;
1416;Município;Santarém;46 145;721 045;633 782;15 626;4 906;7 054;7 966;8 868;10 488;11 960;14 043;16 875;18 902;21 546;30 295;97;101;103;108;113;4 875;6 983;7 906;8 773;10 328;11 525;13 213;15 447;17 004;18 906;25 074;34,0;34,2;2,7;5,1;4,6;4,5;4,0;4,9;2,6;5,1;3,8;;;;;;;;
1A;NUTS 2;Grande Lisboa;1 586 571;31 518 072;26 182 597;19 866;4 940;7 690;8 878;9 875;11 554;13 796;16 746;21 000;23 877;27 608;40 056;;;;;;4 864;7 579;8 736;9 691;11 196;12 943;15 249;18 473;20 576;23 165;31 338;38,5;38,5;3,1;6,4;4,3;5,4;4,0;4,0;3,8;4,7;4,0;;;;;;;;
1A0;NUTS 3;Grande Lisboa;1 586 571;31 518 072;26 182 597;19 866;4 940;7 690;8 878;9 875;11 554;13 796;16 746;21 000;23 877;27 608;40 056;100;100;100;100;100;4 864;7 579;8 736;9 691;11 196;12 943;15 249;18 473;20 576;23 165;31 338;38,5;38,5;3,1;6,4;4,3;5,4;4,0;4,0;3,8;4,7;4,0;;;;;;;;
1115;Município;Amadora;132 754;2 123 886;1 858 699;15 999;4 485;7 018;8 121;9 081;10 640;12 243;14 452;17 643;19 851;22 576;31 845;91;91;89;83;80;4 430;6 961;8 048;8 973;10 584;11 755;13 542;16 042;17 688;19 733;26 072;34,4;34,9;2,8;5,9;4,2;3,2;3,4;4,4;3,2;5,0;4,0;;;;;;;;
1105;Município;Cascais;157 140;3 402 058;2 754 638;21 650;4 983;7 744;9 014;10 017;11 886;14 420;17 894;22 750;26 074;30 155;43 459;101;102;105;109;108;4 860;7 592;8 814;9 811;11 386;13 406;16 071;19 692;22 025;24 803;33 369;40,6;40,2;3,3;6,9;4,4;5,5;4,4;3,7;4,7;4,4;3,9;;;;;;;;
1106;Município;Lisboa;429 463;10 583 917;8 381 394;24 645;4 829;7 865;9 120;10 260;12 438;15 597;20 090;26 468;30 642;35 857;51 582;98;103;113;128;129;4 713;7 692;8 987;10 023;11 786;14 282;17 719;22 305;25 140;28 570;38 596;42,5;42,6;3,7;8,2;3,3;3,7;3,2;3,2;4,9;3,4;3,7;;;;;;;;
1107;Município;Loures;155 037;2 614 861;2 262 639;16 866;4 980;7 561;8 624;9 500;10 964;12 748;14 977;18 229;20 446;23 281;32 943;101;97;92;86;82;4 930;7 474;8 520;9 358;10 777;12 125;13 929;16 450;18 102;20 213;26 774;34,5;34,7;2,7;5,4;4,6;5,1;4,2;5,1;3,4;5,1;4,2;;;;;;;;
1109;Município;Mafra;64 410;1 175 235;1 001 595;18 246;5 243;7 617;8 731;9 706;11 344;13 484;16 335;20 087;22 748;25 976;36 079;106;98;98;95;90;5 168;7 497;8 585;9 511;11 035;12 707;14 943;17 854;19 845;22 045;28 784;36,0;35,8;2,9;5,6;5,7;6,4;5,3;5,7;5,3;6,1;5,6;;;;;;;;
1116;Município;Odivelas;120 330;1 973 138;1 715 045;16 398;4 441;6 966;8 120;9 118;10 691;12 572;14 934;18 353;20 536;23 357;32 337;90;91;91;86;81;4 408;6 894;8 023;9 000;10 640;11 972;13 875;16 497;18 164;20 253;26 437;34,2;35,3;2,9;6,0;3,6;2,8;3,1;4,4;1,8;4,1;3,5;;;;;;;;
1110;Município;Oeiras;128 944;3 149 269;2 533 490;24 424;5 995;9 158;10 489;11 463;14 182;17 561;21 835;27 509;31 059;35 523;48 831;121;118;127;130;122;5 866;9 062;10 245;11 115;13 240;15 862;19 084;23 104;25 456;28 331;36 768;37,5;37,6;3,1;6,3;4,4;4,6;4,4;3,7;5,2;4,4;4,5;;;;;;;;
1111;Município;Sintra;293 055;4 729 090;4 124 674;16 137;4 777;7 401;8 530;9 463;10 951;12 683;14 772;17 703;19 613;22 032;30 259;97;96;92;82;76;4 725;7 307;8 411;9 313;10 769;12 081;13 780;16 011;17 475;19 255;24 977;33,9;33,7;2,6;5,3;4,8;5,2;3,9;4,8;4,0;5,7;4,5;;;;;;;;
1114;Município;Vila Franca de Xira;105 438;1 766 617;1 550 423;16 755;5 687;8 377;9 393;10 350;11 902;13 728;15 997;19 034;20 927;23 303;30 879;115;106;100;88;77;5 646;8 275;9 241;10 174;11 486;12 958;14 730;17 070;18 487;20 238;25 443;31,0;31,0;2,4;4,5;5,6;5,1;4,8;5,1;4,9;6,5;6,2;;;;;;;;
1B;NUTS 2;Península de Setúbal;618 864;10 496 690;9 092 042;16 961;5 025;7 577;8 685;9 612;11 180;13 103;15 496;18 847;21 018;23 800;32 441;;;;;;4 993;7 490;8 568;9 449;10 924;12 401;14 316;16 904;18 549;20 573;26 481;34,3;34,3;2,7;5,3;4,7;5,0;3,9;4,7;4,5;5,6;4,7;;;;;;;;
1B0;NUTS 3;Península de Setúbal;618 864;10 496 690;9 092 042;16 961;5 025;7 577;8 685;9 612;11 180;13 103;15 496;18 847;21 018;23 800;32 441;100;100;100;100;100;4 993;7 490;8 568;9 449;10 924;12 401;14 316;16 904;18 549;20 573;26 481;34,3;34,3;2,7;5,3;4,7;5,0;3,9;4,7;4,5;5,6;4,7;;;;;;;;
1502;Município;Alcochete;13 749;289 488;239 708;21 055;5 713;8 402;9 393;10 434;12 208;14 645;17 821;22 474;25 806;29 598;41 033;114;108;112;123;126;5 644;8 250;9 205;10 260;11 717;13 654;16 207;19 695;22 144;24 704;32 298;37,6;37,7;3,0;5,7;5,6;6,9;5,2;5,2;3,0;6,1;5,5;;;;;;;;
1503;Município;Almada;135 132;2 417 711;2 066 545;17 891;4 822;7 480;8 664;9 634;11 237;13 386;16 040;19 820;22 294;25 465;35 295;96;100;102;106;109;4 760;7 392;8 540;9 474;10 973;12 622;14 714;17 614;19 494;21 738;28 387;35,8;36,0;2,9;6,0;4,4;4,0;3,5;3,8;4,6;5,3;4,6;;;;;;;;
1504;Município;Barreiro;61 408;983 735;865 667;16 020;5 297;7 768;8 795;9 664;11 092;12 810;14 870;17 946;19 917;22 354;30 192;105;101;98;95;93;5 257;7 668;8 672;9 513;10 862;12 174;13 860;16 205;17 710;19 524;24 955;32,2;32,1;2,5;4,7;4,5;4,7;3,5;4,5;3,9;5,5;4,6;;;;;;;;
1506;Município;Moita;49 637;716 132;643 628;14 427;4 968;7 359;8 344;9 196;10 640;12 069;13 841;16 171;17 764;19 802;26 345;99;96;92;85;81;4 939;7 293;8 249;9 111;10 549;11 625;13 047;14 877;16 114;17 677;22 374;30,8;30,7;2,4;4,5;5,4;5,6;4,1;4,8;4,7;6,7;5,2;;;;;;;;
1507;Município;Montijo;43 245;707 885;615 560;16 369;4 433;6 952;7 997;8 980;10 640;12 378;14 765;18 295;20 649;23 551;32 622;88;92;94;98;101;4 386;6 882;7 910;8 868;10 535;11 822;13 799;16 463;18 323;20 455;26 711;35,0;35,6;3,0;6,1;3,8;2,1;3,3;4,0;2,3;4,3;3,9;;;;;;;;
1508;Município;Palmela;51 848;894 161;771 728;17 246;5 221;7 624;8 721;9 662;11 254;13 259;15 840;19 282;21 455;24 220;32 644;104;100;101;102;101;5 172;7 525;8 585;9 487;10 974;12 536;14 588;17 207;18 826;20 873;26 651;34,6;34,2;2,8;5,2;5,8;7,2;5,1;5,6;5,4;6,4;5,1;;;;;;;;
1510;Município;Seixal;129 217;2 180 672;1 893 728;16 876;5 122;7 758;8 907;9 873;11 403;13 349;15 724;18 958;21 000;23 615;31 754;102;103;102;100;98;5 079;7 663;8 775;9 707;11 096;12 596;14 489;16 968;18 516;20 409;25 979;33,3;33,3;2,7;5,1;4,7;5,5;4,0;4,8;4,2;5,3;4,6;;;;;;;;
1511;Município;Sesimbra;40 511;674 525;588 426;16 650;5 269;7 739;8 799;9 751;11 381;13 429;15 780;18 854;20 747;23 265;30 614;105;101;102;99;94;5 233;7 623;8 645;9 555;11 075;12 676;14 560;16 958;18 344;20 264;25 269;33,0;32,7;2,7;4,8;6,0;6,3;5,1;5,9;5,3;6,8;5,1;;;;;;;;
1512;Município;Setúbal;94 117;1 632 381;1 407 053;17 344;5 041;7 572;8 664;9 607;11 227;13 219;15 714;19 209;21 558;24 403;33 460;100;100;101;103;103;5 011;7 475;8 550;9 433;10 961;12 497;14 465;17 221;18 903;20 961;27 153;35,1;34,9;2,8;5,4;4,8;5,1;3,7;4,3;4,8;5,8;4,8;;;;;;;;
1C;NUTS 2;  Alentejo;362 392;5 265 901;4 687 497;14 531;5 159;7 076;7 959;8 752;10 201;11 498;13 233;15 595;17 349;19 565;27 127;;;;;;5 115;7 018;7 876;8 649;10 039;11 168;12 499;14 383;15 741;17 434;22 837;32,5;32,1;2,5;4,5;6,3;6,1;5,6;5,2;4,7;7,1;5,5;;;;;;;;
1C1;NUTS 3;   Alentejo Litoral;82 028;1 175 864;1 038 206;14 335;4 341;6 370;7 158;7 996;9 517;10 923;12 703;15 195;17 037;19 468;27 480;100;100;100;100;100;4 315;6 313;7 096;7 918;9 392;10 736;12 007;14 042;15 448;17 366;23 108;34,6;34,9;2,8;5,4;5,3;2,1;5,0;3,5;2,8;5,5;4,8;;;;;;;;
1501;Município;Alcácer do Sal;8 593;117 681;106 163;13 695;5 385;7 083;7 862;8 616;9 873;11 153;12 750;14 797;16 188;18 202;24 262;124;110;102;95;88;5 330;7 018;7 771;8 489;9 726;10 900;12 133;13 814;14 852;16 422;20 751;31,2;30,3;2,3;3,9;7,1;8,2;7,5;5,8;4,9;6,7;5,7;;;;;;;;
1505;Município;Grândola;10 511;155 761;136 194;14 819;4 779;6 775;7 617;8 520;9 906;11 236;13 001;15 400;17 020;19 188;26 560;110;106;103;100;97;4 747;6 652;7 503;8 355;9 759;10 932;12 278;14 145;15 387;17 139;22 450;36,1;34,3;2,6;4,7;6,8;6,4;7,1;4,8;4,0;6,5;3,4;;;;;;;;
0211;Município;Odemira;29 515;314 123;289 799;10 643;3 133;5 095;5 789;6 400;7 630;8 971;10 357;11 682;12 637;13 855;18 968;72;81;82;74;69;3 094;5 064;5 749;6 350;7 591;8 894;10 232;11 240;11 861;12 933;16 945;32,2;33,5;2,6;5,5;-0,6;-3,1;-0,6;0,7;1,6;-0,7;2,6;;;;;;;;
1509;Município;Santiago do Cacém;21 631;382 628;328 564;17 689;5 579;7 779;8 770;9 626;11 301;13 300;15 898;19 667;22 067;24 985;35 060;129;123;122;130;128;5 538;7 687;8 648;9 476;10 995;12 559;14 572;17 568;19 266;21 258;28 044;34,5;34,1;2,8;5,1;6,4;8,0;5,3;4,8;5,7;7,5;7,3;;;;;;;;
1513;Município;Sines;11 778;205 671;177 486;17 462;5 480;7 887;8 928;9 844;11 466;13 481;15 720;19 277;21 411;24 348;33 457;126;125;123;126;122;5 469;7 820;8 816;9 729;11 134;12 692;14 498;17 222;18 780;20 869;27 251;34,0;33,6;2,7;5,0;5,6;4,0;3,5;3,1;8,2;7,8;6,2;;;;;;;;
1C2;NUTS 3;   Baixo Alentejo;84 193;1 220 481;1 085 323;14 496;5 005;6 896;7 793;8 637;10 131;11 462;13 236;15 788;17 680;20 009;27 521;100;100;100;100;100;4 957;6 827;7 706;8 545;9 964;11 126;12 478;14 507;15 950;17 723;23 110;32,9;32,5;2,6;4,7;6,6;7,4;6,1;5,8;4,1;7,1;5,3;;;;;;;;
0201;Município;Aljustrel;6 633;104 153;91 863;15 702;6 008;7 867;8 713;9 449;10 900;12 521;14 715;18 004;20 093;22 174;28 945;120;112;109;114;105;5 980;7 808;8 593;9 318;10 697;11 883;13 676;16 206;17 603;19 345;23 955;30,2;30,1;2,5;4,0;7,3;7,4;6,8;8,0;7,1;7,8;6,9;;;;;;;;
0202;Município;Almodôvar;5 308;77 597;68 630;14 619;4 899;6 499;7 187;8 075;9 845;11 358;13 461;16 575;18 672;21 457;29 475;98;92;99;106;107;4 860;6 448;7 154;7 920;9 686;10 974;12 606;15 078;16 584;18 790;24 072;34,0;33,6;2,9;5,0;7,9;7,2;8,0;6,4;5,1;7,9;5,8;;;;;;;;
0203;Município;Alvito;1 570;22 091;19 748;14 071;//;//;//;//;//;//;//;//;//;//;//;//;//;//;//;//;//;//;//;//;//;//;//;//;//;//;//;//;//;//;//;7,0;   8;   6;   9;//;//;//;;;;;;;;
0204;Município;Barrancos;1 021;12 372;11 471;12 118;//;//;//;//;//;//;//;//;//;//;//;//;//;//;//;//;//;//;//;//;//;//;//;//;//;//;//;//;//;//;//;7,1;   8;   6;   3;//;//;//;;;;;;;;
0205;Município;Beja;25 401;414 014;361 125;16 299;5 195;7 470;8 504;9 358;10 878;12 622;14 782;17 963;20 064;22 672;31 096;104;109;110;113;113;5 152;7 408;8 436;9 242;10 730;11 996;13 730;16 186;17 775;19 706;25 470;33,4;33,6;2,7;4,9;4,2;5,5;3,4;4,7;1,4;5,0;4,0;;;;;;;;
0206;Município;Castro Verde;5 019;86 391;75 143;17 213;5 997;8 417;9 275;10 168;11 640;13 458;16 155;19 812;22 027;24 668;32 664;120;119;117;125;119;5 881;8 323;9 136;9 967;11 256;12 615;14 683;17 492;19 150;21 078;26 573;32,5;31,4;2,5;4,5;4,7;5,2;3,8;4,5;6,5;5,7;5,9;;;;;;;;
0207;Município;Cuba;3 183;44 634;39 909;14 023;4 924;6 917;7 647;8 543;9 953;11 160;12 851;15 195;16 742;18 859;26 803;98;98;97;95;97;4 864;6 875;7 609;8 449;9 762;10 897;12 173;13 999;15 148;16 860;22 365;32,2;32,0;2,5;4,6;7,6;9,6;7,9;4,0;4,4;7,3;6,1;;;;;;;;
0208;Município;Ferreira do Alentejo;6 003;74 223;67 722;12 364;4 337;6 198;6 975;7 766;9 039;10 213;11 615;13 600;14 925;16 730;22 600;87;90;89;84;82;4 291;6 155;6 911;7 663;8 941;10 044;11 239;12 776;13 833;15 233;19 634;31,3;31,5;2,5;4,6;4,3;3,2;5,7;3,7;2,8;3,0;5,5;;;;;;;;
0209;Município;Mértola;4 444;53 737;49 384;12 092;4 944;6 405;7 108;7 794;9 120;10 299;11 432;13 102;14 199;15 635;21 619;99;91;90;80;79;4 921;6 368;7 017;7 672;8 964;10 107;11 091;12 377;13 284;14 391;18 957;30,7;29,5;2,3;3,9;5,2;6,6;6,0;5,8;6,5;4,5;4,9;;;;;;;;
0210;Município;Moura;8 562;109 105;99 258;12 743;4 610;6 218;7 046;7 830;9 290;10 640;11 879;13 790;15 142;17 274;23 653;92;90;93;86;86;4 583;6 161;6 988;7 767;9 163;10 513;11 467;12 983;14 028;15 620;20 344;32,7;31,7;2,5;4,4;6,3;9,9;6,2;5,3;4,7;6,5;5,6;;;;;;;;
0212;Município;Ourique;3 617;49 552;44 476;13 700;4 956;6 804;7 568;8 400;9 862;11 054;12 700;14 684;16 203;18 541;25 658;99;97;96;92;93;4 899;6 713;7 460;8 289;9 610;10 835;12 017;13 683;14 774;16 685;21 816;32,0;31,6;2,5;4,5;7,3;8,1;6,4;8,6;5,7;8,2;5,6;;;;;;;;
0213;Município;Serpa;9 687;122 519;111 126;12 648;4 274;6 157;6 950;7 776;9 146;10 567;11 886;13 775;15 064;16 909;23 158;85;89;92;85;84;4 260;6 107;6 881;7 717;9 082;10 394;11 435;12 893;13 949;15 345;20 049;32,1;31,9;2,5;4,7;6,3;9,5;7,1;6,7;3,5;5,5;6,1;;;;;;;;
0214;Município;Vidigueira;3 745;50 092;45 466;13 376;4 893;6 867;7 821;8 574;10 084;11 106;12 629;14 599;16 220;18 172;24 732;98;100;97;92;90;4 876;6 832;7 718;8 536;9 918;10 929;11 981;13 620;14 712;16 413;21 160;31,1;30,2;2,4;4,3;7,7;6,8;7,4;5,7;7,8;8,1;7,4;;;;;;;;
1C3;NUTS 3;   Alto Alentejo;79 447;1 107 668;997 257;13 942;5 315;7 081;7 905;8 693;10 105;11 357;12 918;15 002;16 522;18 641;25 385;100;100;100;100;100;5 283;7 033;7 827;8 607;9 972;11 076;12 280;13 934;15 141;16 736;21 711;31,9;30,9;2,4;4,1;7,3;7,5;6,8;5,1;5,8;7,8;6,1;;;;;;;;
1201;Município;Alter do Chão;2 364;31 939;29 025;13 510;5 524;7 436;8 041;8 705;10 052;11 158;12 574;14 180;15 471;17 999;24 358;104;102;98;94;96;5 434;7 374;7 980;8 598;9 942;10 980;12 050;13 344;14 521;16 123;20 922;30,3;29,5;2,2;3,9;8,0;7,9;7,2;7,6;7,8;8,8;6,5;;;;;;;;
1202;Município;Arronches;2 148;28 274;25 761;13 163;5 347;7 138;7 890;8 698;9 921;11 223;12 462;14 140;15 516;17 430;22 910;101;100;99;94;90;5 320;7 097;7 812;8 572;9 767;10 955;11 888;13 288;14 162;15 828;19 944;29,7;29,2;2,2;3,7;6,8;8,1;6,7;4,5;6,6;6,9;4,9;;;;;;;;
1203;Município;Avis;2 770;35 612;32 477;12 856;5 460;7 043;7 739;8 470;9 539;10 844;12 290;14 044;15 138;16 605;21 822;103;98;95;92;86;5 451;6 977;7 649;8 375;9 451;10 703;11 725;13 164;13 962;15 116;19 247;29,9;28,3;2,2;3,5;7,2;6,7;6,0;4,1;8,0;8,4;8,1;;;;;;;;
1204;Município;Campo Maior;5 724;84 250;75 572;14 719;5 540;7 664;8 722;9 593;11 025;12 447;14 193;15 933;17 260;19 005;24 968;104;110;110;104;98;5 528;7 653;8 586;9 410;10 822;11 938;13 304;14 676;15 809;17 115;21 327;32,5;29,8;2,2;3,9;5,9;4,9;5,6;5,6;4,8;6,2;5,6;;;;;;;;
1205;Município;Castelo de Vide;2 371;33 941;30 460;14 315;5 422;7 200;8 217;8 923;10 287;11 642;13 219;15 351;17 014;19 414;26 931;102;104;103;103;106;5 384;7 109;8 144;8 821;10 163;11 261;12 382;14 255;15 581;17 311;22 598;31,3;30,6;2,4;4,2;6,9;7,9;6,1;5,8;5,9;7,7;5,7;;;;;;;;
1206;Município;Crato;2 515;32 862;30 162;13 066;5 737;7 442;8 154;8 779;9 869;11 104;12 401;14 354;15 547;17 348;22 652;108;103;98;94;89;5 712;7 387;8 114;8 653;9 757;10 897;11 922;13 392;14 288;15 920;19 676;28,6;27,6;2,2;3,4;7,6;9,9;7,2;6,8;7,9;8,0;6,3;;;;;;;;
1207;Município;Elvas;15 161;215 076;192 553;14 186;5 121;7 129;7 988;8 841;10 408;11 582;13 206;15 207;16 807;19 000;26 194;96;101;102;102;103;5 074;7 057;7 898;8 741;10 218;11 228;12 468;14 089;15 280;16 948;22 157;32,2;31,2;2,4;4,4;6,5;6,2;5,3;4,6;5,7;7,7;5,0;;;;;;;;
1208;Município;Fronteira;2 241;30 192;27 502;13 473;5 660;7 122;7 888;8 642;9 999;10 917;12 236;14 313;15 615;17 901;25 123;106;100;96;95;99;5 621;7 092;7 863;8 556;9 807;10 715;11 745;13 359;14 457;16 167;21 491;31,5;29,5;2,3;3,8;7,5;11,4;7,1;7,6;6,9;7,8;5,1;;;;;;;;
1209;Município;Gavião;2 579;33 032;30 222;12 808;5 440;7 131;7 783;8 419;9 485;10 640;12 088;13 572;14 717;16 531;21 464;102;98;94;89;85;5 440;7 119;7 677;8 282;9 350;10 557;11 656;12 821;13 817;15 171;19 037;28,8;28,6;2,1;3,5;6,6;8,0;6,7;7,4;6,5;6,4;6,3;;;;;;;;
1210;Município;Marvão;2 229;27 886;25 600;12 511;4 583;6 919;7 675;8 594;9 886;11 015;12 213;13 865;14 828;16 416;20 842;86;97;97;90;82;4 583;6 840;7 646;8 436;9 745;10 814;11 765;13 121;13 825;15 045;18 728;30,3;29,1;2,2;4,1;7,9;9,6;8,1;5,9;6,8;7,8;6,4;;;;;;;;
1211;Município;Monforte;1 993;25 675;23 325;12 882;//;//;//;//;//;//;//;//;//;//;//;//;//;//;//;//;//;//;//;//;//;//;//;//;//;//;//;//;//;//;//;7,3;   12;   6;   5;//;//;//;;;;;;;;
1212;Município;Nisa;4 713;62 008;56 531;13 157;5 284;6 846;7 611;8 398;9 777;11 015;12 383;14 523;15 868;17 864;23 801;99;96;97;96;94;5 258;6 810;7 576;8 267;9 658;10 831;11 890;13 543;14 540;16 071;20 553;30,1;29,7;2,4;3,9;6,8;6,4;5,9;5,0;4,8;7,7;6,4;;;;;;;;
1213;Município;Ponte de Sor;11 745;147 460;134 221;12 555;4 534;6 386;6 986;7 712;9 090;10 414;11 741;13 609;14 734;16 476;22 322;85;88;92;89;88;4 501;6 341;6 951;7 644;9 002;10 254;11 391;12 826;13 732;15 062;19 543;32,6;31,8;2,4;4,3;6,8;8,1;7,1;4,3;6,6;6,5;6,9;;;;;;;;
1214;Município;Portalegre;17 573;277 756;245 752;15 806;5 761;7 674;8 574;9 368;10 888;12 521;14 333;17 403;19 368;21 703;29 904;108;108;110;117;118;5 750;7 629;8 517;9 280;10 725;11 927;13 493;15 864;17 360;19 064;24 824;32,1;31,5;2,5;4,3;5,9;4,7;4,4;4,0;5,9;7,4;6,5;;;;;;;;
1215;Município;Sousel;3 321;41 708;38 096;12 559;5 014;6 700;7 287;8 063;9 213;10 440;11 644;13 394;14 736;16 514;22 272;94;92;92;89;88;5 014;6 664;7 244;7 971;9 153;10 272;11 271;12 615;13 850;15 089;19 660;30,4;30,4;2,3;3,9;6,0;8,9;6,4;6,9;5,1;5,6;5,8;;;;;;;;
1C4;NUTS 3;   Alentejo Central;116 724;1 761 887;1 566 711;15 094;5 804;7 810;8 626;9 313;10 640;12 017;13 772;16 153;17 858;20 007;27 697;100;100;100;100;100;5 763;7 728;8 562;9 187;10 567;11 567;12 988;14 833;16 131;17 734;23 202;31,3;30,6;2,3;4,0;6,3;7,4;5,5;5,4;5,4;7,1;5,6;;;;;;;;
0701;Município;Alandroal;3 779;45 575;41 985;12 060;5 412;6 806;7 558;8 233;9 303;10 499;11 539;13 163;14 212;15 522;19 734;93;88;87;80;71;5 349;6 774;7 431;8 110;9 142;10 340;11 187;12 474;13 197;14 270;17 404;26,8;27,1;2,1;3,3;6,5;8,7;7,6;5,3;4,3;5,4;6,4;;;;;;;;
0702;Município;Arraiolos;5 196;73 164;66 314;14 081;6 083;7 807;8 545;9 259;10 640;11 777;13 362;15 307;16 915;18 674;24 388;105;99;98;95;88;6 012;7 742;8 456;9 170;10 546;11 390;12 602;14 284;15 314;16 716;20 960;28,9;27,8;2,2;3,5;7,6;8,3;6,5;6,2;5,8;8,7;7,5;;;;;;;;
0703;Município;Borba;4 832;62 610;57 524;12 957;5 633;7 504;8 140;8 723;9 928;10 965;12 228;13 910;14 991;16 750;22 609;97;94;91;84;82;5 619;7 440;8 063;8 624;9 742;10 745;11 749;13 157;14 073;15 460;19 806;27,9;27,8;2,1;3,5;7,2;7,3;6,4;6,2;5,2;8,0;5,6;;;;;;;;
0704;Município;Estremoz;9 419;133 805;120 250;14 206;5 834;7 658;8 495;9 078;10 463;11 630;13 134;15 197;16 539;18 482;25 839;101;98;97;93;93;5 795;7 582;8 385;8 957;10 297;11 289;12 436;14 087;15 050;16 566;21 860;29,7;29,2;2,2;3,8;6,3;8,1;5,3;5,9;4,6;7,4;4,3;;;;;;;;
0705;Município;Évora;41 382;732 520;634 155;17 701;6 347;8 788;9 659;10 518;11 991;13 798;16 031;19 149;21 388;23 994;33 355;109;112;115;120;120;6 253;8 675;9 512;10 361;11 536;13 003;14 742;17 126;18 746;20 760;27 079;32,3;31,6;2,4;4,3;5,6;5,4;4,9;4,1;5,5;6,2;5,4;;;;;;;;
0706;Município;Montemor-o-Novo;11 909;170 774;153 188;14 340;5 553;7 629;8 447;9 081;10 329;11 502;13 199;15 314;16 848;18 699;25 227;96;98;96;94;91;5 485;7 551;8 380;8 975;10 179;11 207;12 558;14 204;15 383;16 793;21 667;30,4;30,1;2,2;4,0;7,2;7,4;6,7;6,7;5,7;7,8;5,5;;;;;;;;
0707;Município;Mora;3 213;43 964;39 854;13 683;6 149;7 801;8 458;8 935;10 073;11 176;12 511;14 370;15 711;17 412;23 622;106;98;93;88;85;6 090;7 767;8 426;8 847;9 883;10 939;11 958;13 592;14 495;15 739;20 393;29,3;27,8;2,0;3,3;7,8;13,6;9,0;6,5;5,3;6,6;6,3;;;;;;;;
0708;Município;Mourão;1 762;21 716;19 962;12 324;//;//;//;//;//;//;//;//;//;//;//;//;//;//;//;//;//;//;//;//;//;//;//;//;//;//;//;//;//;//;//;6,2;   3;   6;   5;//;//;//;;;;;;;;
0709;Município;Portel;4 139;49 601;46 054;11 984;5 320;6 712;7 361;8 080;9 235;10 420;11 491;13 278;14 209;15 763;20 569;92;85;87;80;74;5 289;6 661;7 337;7 997;9 144;10 316;11 209;12 591;13 463;14 522;18 144;28,6;27,4;2,2;3,4;6,7;9,2;6,7;7,6;6,9;6,7;7,3;;;;;;;;
0710;Município;Redondo;4 742;60 487;55 169;12 756;5 213;6 798;7 605;8 360;9 552;10 640;11 848;13 644;14 750;16 502;22 131;90;88;89;83;80;5 203;6 787;7 561;8 250;9 397;10 533;11 468;12 827;13 748;15 143;19 346;29,2;29,3;2,2;3,7;6,4;4,9;5,6;5,0;7,7;7,1;7,6;;;;;;;;
0711;Município;Reguengos de Monsaraz;7 566;103 486;93 436;13 678;5 388;7 257;7 985;8 705;9 936;11 153;12 738;14 800;16 251;18 436;24 503;93;93;93;91;88;5 371;7 160;7 897;8 574;9 806;10 940;12 140;13 807;14 882;16 548;21 050;31,1;30,1;2,3;3,9;6,9;6,9;7,1;6,6;6,5;6,7;3,7;;;;;;;;
0712;Município;Vendas Novas;9 135;130 712;117 584;14 309;5 402;7 604;8 403;9 103;10 418;11 723;13 385;15 639;17 361;19 448;26 551;93;97;98;97;96;5 362;7 551;8 322;8 966;10 256;11 311;12 569;14 429;15 814;17 379;22 667;30,1;30,1;2,3;4,2;5,2;5,6;5,0;4,0;3,1;5,5;5,2;;;;;;;;
0713;Município;Viana do Alentejo;3 961;54 766;49 840;13 826;5 683;7 630;8 417;9 120;10 508;11 592;13 217;15 235;16 747;18 427;24 072;98;98;96;94;87;5 670;7 569;8 360;8 996;10 338;11 276;12 500;14 160;15 274;16 734;20 864;29,8;28,2;2,2;3,7;8,5;11,9;10,1;7,6;6,0;7,0;6,2;;;;;;;;
0714;Município;Vila Viçosa;5 689;78 707;71 397;13 835;6 017;7 761;8 527;9 133;10 365;11 431;13 124;14 746;15 945;17 737;24 127;104;99;95;89;87;5 977;7 708;8 427;9 012;10 222;11 198;12 365;13 789;14 798;16 076;20 743;28,8;27,9;2,1;3,5;6,6;8,2;5,4;4,9;4,3;7,7;6,9;;;;;;;;
15;NUTS 2;  Algarve;377 376;5 489 196;4 830 264;14 546;4 175;6 485;7 406;8 340;10 002;11 310;13 100;15 483;17 167;19 390;27 160;;;;;;4 095;6 390;7 303;8 209;9 835;11 012;12 369;14 275;15 575;17 262;22 839;36,1;34,9;2,7;5,6;7,7;10,6;8,3;6,2;5,8;7,0;4,6;;;;;;;;
150;NUTS 3;  Algarve;377 376;5 489 196;4 830 264;14 546;4 175;6 485;7 406;8 340;10 002;11 310;13 100;15 483;17 167;19 390;27 160;100;100;100;100;100;4 095;6 390;7 303;8 209;9 835;11 012;12 369;14 275;15 575;17 262;22 839;36,1;34,9;2,7;5,6;7,7;10,6;8,3;6,2;5,8;7,0;4,6;;;;;;;;
0801;Município;Albufeira;40 674;560 933;497 968;13 791;3 942;6 201;7 094;7 955;9 495;10 806;12 458;14 576;16 057;18 108;25 218;94;96;96;94;93;3 852;6 109;7 020;7 832;9 357;10 656;11 843;13 589;14 722;16 310;21 597;37,1;34,9;2,7;5,6;7,7;17,6;8,2;8,4;7,9;7,1;4,6;;;;;;;;
0802;Município;Alcoutim;1 859;23 414;21 566;12 595;//;//;//;//;//;//;//;//;//;//;//;//;//;//;//;//;//;//;//;//;//;//;//;//;//;//;//;//;//;//;//;6,3;   6;   6;   2;//;//;//;;;;;;;;
0803;Município;Aljezur;4 498;56 365;50 436;12 531;2 953;5 316;6 189;6 937;8 693;10 307;11 537;13 444;14 800;16 438;22 716;71;84;91;86;84;2 914;5 268;6 049;6 818;8 617;10 081;11 144;12 651;13 700;14 928;19 960;36,5;36,6;2,8;6,9;4,1;8,0;5,2;5,3;-2,0;3,0;2,7;;;;;;;;
0804;Município;Castro Marim;5 185;69 677;62 589;13 438;4 560;6 395;7 118;7 847;9 595;10 916;12 348;14 289;15 707;17 735;24 657;109;96;97;91;91;4 560;6 345;7 051;7 783;9 425;10 736;11 811;13 392;14 457;16 049;21 111;33,7;33,1;2,5;4,6;7,1;8,0;6,8;5,4;7,8;7,3;4,9;;;;;;;;
0805;Município;Faro;54 771;931 715;796 293;17 011;4 596;7 124;8 296;9 274;10 929;12 726;15 048;18 328;20 656;23 598;33 196;110;112;113;120;122;4 543;6 990;8 149;9 123;10 719;12 040;13 907;16 383;18 152;20 296;26 712;36,5;35,9;2,9;5,9;5,5;6,2;5,0;5,0;6,6;6,0;4,6;;;;;;;;
0806;Município;Lagoa;18 400;268 749;236 377;14 606;4 462;6 695;7 629;8 529;10 090;11 318;13 053;15 368;16 903;19 056;26 692;107;103;100;98;98;4 361;6 620;7 512;8 376;9 933;11 028;12 429;14 222;15 429;17 093;22 469;35,5;34,3;2,6;5,2;8,2;14,6;9,6;7,5;6,9;6,8;5,2;;;;;;;;
0807;Município;Lagos;25 606;368 780;324 772;14 402;4 058;6 479;7 420;8 364;9 983;11 212;12 887;15 096;16 657;18 777;26 835;97;100;99;97;99;3 893;6 361;7 307;8 200;9 794;10 932;12 191;13 915;15 126;16 806;22 667;36,7;35,1;2,6;5,8;7,7;11,3;7,9;5,9;6,8;7,5;4,8;;;;;;;;
0808;Município;Loulé;61 022;905 771;790 158;14 843;4 009;6 380;7 346;8 280;9 977;11 320;13 125;15 460;17 043;19 102;26 521;96;99;100;99;98;3 935;6 262;7 211;8 125;9 793;11 003;12 365;14 229;15 454;17 006;22 406;37,7;36,3;2,7;5,7;7,9;11,6;9,3;6,7;5,5;6,5;4,5;;;;;;;;
0809;Município;Monchique;3 582;43 445;39 718;12 129;4 055;6 095;6 829;7 677;9 129;10 543;11 603;13 254;14 470;15 842;21 486;97;92;93;84;79;4 017;6 053;6 805;7 600;9 018;10 352;11 291;12 499;13 433;14 580;18 707;33,5;31,5;2,4;4,7;8,2;12,4;7,6;6,5;8,7;8,8;6,1;;;;;;;;
0810;Município;Olhão;32 215;454 376;405 419;14 104;4 466;6 646;7 617;8 558;10 212;11 480;13 226;15 482;17 001;19 227;26 463;107;103;102;99;97;4 409;6 600;7 540;8 452;10 041;11 144;12 490;14 309;15 494;17 191;22 361;33,9;32,5;2,6;5,1;7,4;8,9;6,9;6,0;6,7;8,0;5,6;;;;;;;;
0811;Município;Portimão;50 117;723 270;639 186;14 432;4 213;6 564;7 482;8 377;9 931;11 260;13 070;15 480;17 227;19 473;27 309;101;101;100;100;101;4 163;6 511;7 409;8 281;9 794;10 992;12 353;14 290;15 626;17 317;22 940;35,6;34,4;2,7;5,5;7,2;10,1;7,9;5,6;5,4;6,6;3,6;;;;;;;;
0812;Município;São Brás de Alportel;8 320;123 947;108 833;14 897;4 149;6 557;7 426;8 429;10 403;11 765;13 754;16 573;18 379;20 856;28 648;99;100;104;107;105;4 026;6 461;7 338;8 293;10 156;11 303;12 945;15 086;16 564;18 345;23 786;35,8;34,5;2,8;5,9;6,8;8,2;7,0;6,4;5,2;6,5;5,9;;;;;;;;
0813;Município;Silves;30 377;410 094;368 043;13 500;4 242;6 432;7 323;8 249;9 847;11 125;12 697;14 965;16 432;18 222;24 351;102;99;98;96;90;4 182;6 353;7 239;8 162;9 666;10 878;12 059;13 875;14 991;16 462;20 914;33,4;32,4;2,6;5,0;7,5;9,8;7,8;7,2;5,7;7,2;5,3;;;;;;;;
0814;Município;Tavira;21 515;295 018;261 083;13 712;3 805;5 911;6 734;7 571;9 221;10 667;12 230;14 598;16 304;18 540;26 214;91;91;94;95;97;3 711;5 842;6 644;7 465;9 098;10 625;11 727;13 621;14 853;16 620;22 230;36,6;35,7;2,8;6,0;6,5;6,7;5,8;6,1;3,9;7,3;4,3;;;;;;;;
0815;Município;Vila do Bispo;4 383;58 217;51 963;13 282;4 006;6 284;7 097;7 896;9 551;10 769;12 305;14 162;15 352;17 131;22 576;96;96;95;89;83;3 845;6 171;7 000;7 782;9 317;10 640;11 651;13 162;14 162;15 514;19 647;35,0;34,1;2,5;5,1;6,9;15,7;7,2;5,4;4,0;6,6;4,5;;;;;;;;
0816;Município;Vila Real de Santo António;14 852;195 424;175 863;13 158;4 016;6 149;7 001;7 870;9 573;10 844;12 386;14 454;15 825;17 867;24 281;96;95;96;92;89;3 936;6 094;6 931;7 770;9 426;10 676;11 854;13 490;14 561;16 044;20 924;33,8;33,0;2,6;5,3;6,7;7,3;6,8;5,6;4,8;6,6;4,7;;;;;;;;
2;NUTS 1; R. A. Açores;172 624;2 697 179;2 470 992;15 625;4 859;6 939;7 840;8 748;10 547;11 893;13 540;16 243;18 309;21 005;30 340;;;;;;4 833;6 894;7 790;8 681;10 445;11 660;13 102;15 441;17 158;19 443;26 857;36,9;36,5;2,8;5,6;7,6;7,5;7,1;6,8;7,7;8,2;6,1;;;;;;;;
20;NUTS 2; R. A. Açores;172 624;2 697 179;2 470 992;15 625;4 859;6 939;7 840;8 748;10 547;11 893;13 540;16 243;18 309;21 005;30 340;;;;;;4 833;6 894;7 790;8 681;10 445;11 660;13 102;15 441;17 158;19 443;26 857;36,9;36,5;2,8;5,6;7,6;7,5;7,1;6,8;7,7;8,2;6,1;;;;;;;;
200;NUTS 3; R. A. Açores;172 624;2 697 179;2 470 992;15 625;4 859;6 939;7 840;8 748;10 547;11 893;13 540;16 243;18 309;21 005;30 340;100;100;100;100;100;4 833;6 894;7 790;8 681;10 445;11 660;13 102;15 441;17 158;19 443;26 857;36,9;36,5;2,8;5,6;7,6;7,5;7,1;6,8;7,7;8,2;6,1;;;;;;;;
4101;Município;Vila do Porto;4 026;77 423;68 499;19 231;5 177;7 433;8 459;9 463;11 169;12 424;14 138;17 277;19 830;23 281;36 979;107;108;104;108;122;5 165;7 413;8 397;9 327;11 067;12 165;13 626;16 210;18 446;21 248;32 027;40,7;42,5;2,9;6,2;7,9;6,5;7,1;5,6;8,9;8,6;7,3;;;;;;;;
4201;Município;Lagoa (R.A.A.);10 050;143 901;132 196;14 319;3 997;6 007;6 683;7 636;9 347;11 093;12 449;14 542;16 191;18 551;27 685;82;85;93;88;91;3 993;6 000;6 679;7 610;9 250;10 983;12 142;13 972;15 377;17 465;24 798;38,2;38,3;2,9;6,2;8,8;8,4;9,3;7,9;8,3;8,2;8,0;;;;;;;;
4202;Município;Nordeste;3 175;36 773;34 639;11 582;3 325;5 586;6 179;6 789;8 134;9 650;11 224;12 623;13 922;15 302;21 368;68;79;81;76;70;3 324;5 586;6 125;6 756;8 095;9 589;11 075;12 314;13 315;14 497;19 412;33,6;35,3;2,6;5,8;7,2;-0,7;3,1;5,6;12,1;11,5;12,0;;;;;;;;
4203;Município;Ponta Delgada;50 488;910 628;821 193;18 037;5 586;7 711;8 745;9 787;11 448;12 985;15 220;18 939;21 573;25 180;35 762;115;112;109;118;118;5 567;7 665;8 677;9 704;11 306;12 603;14 560;17 626;19 942;22 803;30 970;37,8;37,3;3,0;5,6;7,0;7,6;6,4;5,9;7,9;7,6;5,3;;;;;;;;
4204;Município;Povoação;3 909;46 650;43 763;11 934;3 068;5 475;6 028;6 645;8 076;9 749;11 204;12 799;13 894;15 595;22 782;63;77;82;76;75;3 027;5 440;6 018;6 570;8 011;9 689;11 172;12 305;13 402;14 933;20 883;34,9;37,4;2,7;6,9;10,0;5,5;11,2;9,0;7,6;8,8;9,8;;;;;;;;
4205;Município;Ribeira Grande;20 688;275 211;257 036;13 303;3 955;5 948;6 769;7 607;9 310;10 999;12 224;13 986;15 319;17 361;24 958;81;86;92;84;82;3 944;5 933;6 729;7 568;9 242;10 896;11 983;13 551;14 727;16 489;22 787;36,4;35,7;2,8;5,8;8,0;7,9;7,7;7,6;9,7;8,3;7,6;;;;;;;;
4206;Município;Vila Franca do Campo;6 975;84 247;78 788;12 078;3 388;5 307;5 779;6 342;7 862;9 682;11 213;12 947;14 326;16 359;23 831;70;74;81;78;79;3 372;5 290;5 759;6 296;7 817;9 600;11 140;12 555;13 718;15 599;21 672;38,3;37,6;2,9;6,4;9,0;6,4;9,2;8,2;8,0;8,8;9,9;;;;;;;;
4301;Município;Angra do Heroísmo;25 186;410 356;375 676;16 293;5 456;7 610;8 509;9 342;11 047;12 423;14 368;17 528;19 534;22 417;31 510;112;109;104;107;104;5 420;7 564;8 455;9 264;10 947;12 119;13 837;16 533;18 231;20 572;27 696;35,8;35,1;2,7;5,1;6,7;8,8;6,0;5,0;5,6;7,4;5,7;;;;;;;;
4302;Município;Vila da Praia da Vitória;14 565;217 683;201 449;14 946;5 416;7 450;8 360;9 237;10 902;12 033;13 595;16 040;17 839;20 261;27 952;111;107;101;97;92;5 361;7 387;8 284;9 140;10 755;11 758;13 109;15 216;16 759;18 756;24 895;33,0;33,0;2,5;4,6;7,3;7,5;6,5;7,1;7,1;8,1;6,5;;;;;;;;
4401;Município;Santa Cruz da Graciosa;2 945;40 289;37 508;13 681;4 389;6 532;7 267;8 073;9 438;11 092;12 600;14 680;16 192;18 725;26 868;90;93;93;88;89;4 373;6 512;7 181;7 998;9 415;10 963;12 202;14 099;15 348;17 500;24 059;34,6;34,6;2,7;5,5;7,7;7,2;7,4;4,6;5,4;7,9;8,4;;;;;;;;
4501;Município;Calheta (R.A.A.);2 531;31 059;29 312;12 271;4 124;6 323;7 163;7 649;8 966;10 630;11 848;13 383;14 570;16 178;22 201;85;91;89;80;73;4 124;6 259;7 128;7 632;8 916;10 490;11 592;12 999;14 033;15 349;20 370;33,1;32,8;2,5;4,9;6,4;5,8;5,9;5,1;10,1;7,0;10,0;;;;;;;;
4502;Município;Velas;3 696;50 983;47 542;13 794;4 272;6 686;7 706;8 454;9 904;11 214;12 494;14 524;16 273;18 846;25 722;88;98;94;89;85;4 255;6 653;7 698;8 403;9 798;11 168;12 200;14 094;15 473;17 759;23 284;34,5;34,7;2,7;5,5;6,9;5,1;6,5;6,4;9,0;7,3;4,5;;;;;;;;
4601;Município;Lajes do Pico;3 216;42 979;40 154;13 364;5 225;6 990;7 658;8 361;9 582;10 968;12 271;13 845;15 015;16 707;24 561;108;98;92;82;81;5 190;6 937;7 610;8 308;9 518;10 917;11 967;13 405;14 376;15 733;22 268;32,6;32,4;2,3;4,3;7,7;8,1;8,3;7,9;5,3;7,0;5,5;;;;;;;;
4602;Município;Madalena;4 858;69 222;64 573;14 249;5 586;7 579;8 405;9 213;10 580;11 680;13 137;14 946;16 497;18 338;26 031;115;107;98;90;86;5 581;7 527;8 395;9 145;10 531;11 499;12 723;14 336;15 583;17 266;23 625;32,1;31,4;2,3;4,2;7,8;5,0;7,6;5,1;8,8;7,9;7,4;;;;;;;;
4603;Município;São Roque do Pico;2 506;37 446;34 387;14 942;4 659;6 979;7 809;8 516;10 127;11 434;12 852;15 381;17 209;19 850;28 340;96;100;96;94;93;4 631;6 920;7 737;8 476;10 045;11 288;12 460;14 670;16 163;18 380;25 228;35,4;35,7;2,7;5,4;8,0;8,4;8,7;10,5;7,2;7,2;5,2;;;;;;;;
4701;Município;Horta;10 949;178 661;163 972;16 318;5 668;7 904;8 859;9 727;11 210;12 613;14 584;17 642;19 627;22 166;30 315;117;113;106;107;100;5 622;7 827;8 808;9 630;11 123;12 270;14 002;16 523;18 204;20 347;26 859;34,8;34,4;2,6;4,8;6,5;6,5;5,3;6,1;6,6;7,6;6,3;;;;;;;;
4801;Município;Lajes das Flores;1 014;14 733;13 593;14 529;//;//;//;//;//;//;//;//;//;//;//;//;//;//;//;//;//;//;//;//;//;//;//;//;//;//;//;//;//;//;//;7,5;   7;   8;   11;//;//;//;;;;;;;;
4802;Município;Santa Cruz das Flores;1 531;23 444;21 700;15 313;//;//;//;//;//;//;//;//;//;//;//;//;//;//;//;//;//;//;//;//;//;//;//;//;//;//;//;//;//;//;//;9,1;   4;   10;   7;//;//;//;;;;;;;;
4901;Município;Corvo;316;5 492;5 012;17 379;//;//;//;//;//;//;//;//;//;//;//;//;//;//;//;//;//;//;//;//;//;//;//;//;//;//;//;//;//;//;//;9,8;   6;   10;   1;//;//;//;;;;;;;;
3;NUTS 1; R. A. Madeira;177 036;2 783 262;2 526 115;15 721;4 835;6 910;7 911;8 848;10 561;11 922;13 836;16 637;18 828;21 687;30 822;;;;;;4 796;6 858;7 850;8 792;10 476;11 715;13 378;15 824;17 636;20 019;27 016;37,1;35,8;2,9;5,6;7,9;10,9;7,0;5,5;8,3;8,8;7,3;;;;;;;;
30;NUTS 2; R. A. Madeira;177 036;2 783 262;2 526 115;15 721;4 835;6 910;7 911;8 848;10 561;11 922;13 836;16 637;18 828;21 687;30 822;;;;;;4 796;6 858;7 850;8 792;10 476;11 715;13 378;15 824;17 636;20 019;27 016;37,1;35,8;2,9;5,6;7,9;10,9;7,0;5,5;8,3;8,8;7,3;;;;;;;;
300;NUTS 3; R. A. Madeira;177 036;2 783 262;2 526 115;15 721;4 835;6 910;7 911;8 848;10 561;11 922;13 836;16 637;18 828;21 687;30 822;100;100;100;100;100;4 796;6 858;7 850;8 792;10 476;11 715;13 378;15 824;17 636;20 019;27 016;37,1;35,8;2,9;5,6;7,9;10,9;7,0;5,5;8,3;8,8;7,3;;;;;;;;
3101;Município;Calheta (R.A.M.);6 851;89 360;82 079;13 043;3 088;5 495;6 198;6 995;8 815;10 221;11 760;13 802;15 405;17 731;25 656;64;78;86;82;83;3 012;5 440;6 174;6 910;8 692;10 100;11 546;13 353;14 782;16 723;23 011;38,7;37,9;3,1;7,6;7,1;13,3;8,9;6,4;5,8;5,3;7,4;;;;;;;;
3102;Município;Câmara de Lobos;20 814;254 248;240 399;12 215;4 512;6 274;7 001;7 769;9 250;10 675;11 723;13 301;14 356;15 793;21 719;93;88;90;76;70;4 469;6 237;6 972;7 719;9 205;10 618;11 575;12 903;13 867;15 100;20 036;32,6;31,4;2,4;4,5;9,9;12,6;10,9;7,6;9,1;9,0;9,7;;;;;;;;
3103;Município;Funchal;78 474;1 407 434;1 250 756;17 935;5 200;7 567;8 655;9 560;11 202;12 930;15 306;19 083;21 871;25 404;36 039;108;109;108;116;117;5 147;7 498;8 594;9 481;11 111;12 571;14 662;17 868;20 156;23 029;30 584;38,1;37,0;3,1;5,9;6,5;10,0;5,1;4,5;7,3;8,0;6,4;;;;;;;;
3104;Município;Machico;14 004;184 621;172 911;13 183;4 777;6 566;7 282;8 026;9 503;10 990;12 263;14 400;15 935;18 110;25 354;99;92;92;85;82;4 749;6 545;7 260;7 995;9 442;10 894;12 022;13 895;15 167;16 951;22 925;33,8;32,5;2,6;4,8;7,7;8,0;6,8;5,6;10,3;8,6;7,8;;;;;;;;
3105;Município;Ponta do Sol;5 290;67 026;62 511;12 670;3 288;5 495;6 292;7 176;8 809;10 441;11 772;13 732;15 151;17 237;24 807;68;80;88;80;80;3 237;5 495;6 230;7 108;8 773;10 376;11 539;13 287;14 532;16 252;22 328;37,6;36,6;3,0;6,9;8,3;9,0;8,6;8,7;6,2;8,1;5,3;;;;;;;;
3106;Município;Porto Moniz;1 681;22 079;20 522;13 135;//;//;//;//;//;//;//;//;//;//;//;//;//;//;//;//;//;//;//;//;//;//;//;//;//;//;//;//;//;//;//;8,2;   19;   7;   7;//;//;//;;;;;;;;
3107;Município;Ribeira Brava;8 081;103 178;96 599;12 768;4 308;6 167;6 918;7 689;9 307;10 733;11 966;14 012;15 287;17 246;23 996;89;87;90;81;78;4 231;6 118;6 878;7 646;9 241;10 614;11 768;13 545;14 652;16 259;21 809;34,0;33,1;2,7;5,2;7,8;12,2;8,5;7,3;5,5;7,0;7,3;;;;;;;;
3108;Município;Santa Cruz;29 678;478 037;438 270;16 107;5 440;7 677;8 800;9 759;11 361;13 030;15 118;18 064;20 123;22 618;30 438;113;111;109;107;99;5 423;7 628;8 762;9 687;11 253;12 684;14 562;17 069;18 859;20 901;26 790;34,3;32,8;2,7;4,9;7,7;12,1;6,7;5,2;8,5;8,7;8,8;;;;;;;;
3109;Município;Santana;4 315;53 620;50 498;12 426;4 346;6 007;6 670;7 463;8 974;10 470;11 753;13 540;14 776;16 550;23 186;90;84;88;78;75;4 333;5 955;6 651;7 430;8 919;10 409;11 587;13 170;14 155;15 838;21 322;33,9;33,0;2,7;4,9;9,2;7,6;8,4;8,1;10,5;10,1;10,9;;;;;;;;
3110;Município;São Vicente;3 081;38 180;35 690;12 392;3 597;5 732;6 462;7 247;8 792;10 246;11 453;13 440;14 469;16 299;23 733;74;82;86;77;77;3 594;5 717;6 422;7 200;8 773;10 201;11 343;13 012;14 028;15 720;21 682;36,2;35,0;2,7;6,0;7,2;6,7;7,3;6,4;10,8;7,1;4,5;;;;;;;;
3201;Município;Porto Santo;4 767;85 478;75 879;17 931;5 770;8 291;9 216;9 952;11 704;13 667;15 739;19 088;21 832;24 775;34 040;119;117;115;116;110;5 765;8 207;9 143;9 882;11 477;13 089;14 989;17 677;20 130;22 356;29 174;35,2;34,8;2,7;5,1;7,1;9,0;5,6;5,4;8,2;8,7;8,7;;;;;;;;
;;;;;;;;;;;;;;;;;;;;;;;;;;;;;;;;;;;;;;;;;;;;;;;;;;;;
Sinal convencional //: Dado não aplicável. Número de sujeitos passivos inferior a 2 000.;;;;;;;;;;;;;;;;;;;;;;;;;;;;;;;;;;;;;;;;;;;;;;;;;;;;
