year;district;self_employed_count
2010;AVEIRO;36282
2011;AVEIRO;34821
2012;AVEIRO;31679
2013;AVEIRO;29917
2014;AVEIRO;28669
2015;AVEIRO;27953
2016;AVEIRO;27069
2017;AVEIRO;27381
2018;AVEIRO;26092
2019;AVEIRO;35102
2020;AVEIRO;34433
2021;AVEIRO;34731
2022;AVEIRO;35690
2023;AVEIRO;37982
2024;AVEIRO;39581
2025;AVEIRO;38476
2010;BEJA;9222
2011;BEJA;8633
2012;BEJA;7896
2013;BEJA;7480
2014;BEJA;7114
2015;BEJA;6968
2016;BEJA;6692
2017;BEJA;6737
2018;BEJA;6395
2019;BEJA;8299
2020;BEJA;8091
2021;BEJA;7935
2022;BEJA;8169
2023;BEJA;8387
2024;BEJA;8667
2025;BEJA;8505
2010;BRAGA;38485
2011;BRAGA;36667
2012;BRAGA;33891
2013;BRAGA;32393
2014;BRAGA;31318
2015;BRAGA;30871
2016;BRAGA;30214
2017;BRAGA;30807
2018;BRAGA;29458
2019;BRAGA;40168
2020;BRAGA;40268
2021;BRAGA;40842
2022;BRAGA;41824
2023;BRAGA;44879
2024;BRAGA;46830
2025;BRAGA;46548
2010;BRAGANCA;9219
2011;BRAGANCA;8760
2012;BRAGANCA;8217
2013;BRAGANCA;8675
2014;BRAGANCA;8350
2015;BRAGANCA;7941
2016;BRAGANCA;7320
2017;BRAGANCA;7335
2018;BRAGANCA;6881
2019;BRAGANCA;9404
2020;BRAGANCA;9022
2021;BRAGANCA;9009
2022;BRAGANCA;9079
2023;BRAGANCA;9065
2024;BRAGANCA;8999
2025;BRAGANCA;8781
2010;CASTELO BRANCO;10562
2011;CASTELO BRANCO;9972
2012;CASTELO BRANCO;9127
2013;CASTELO BRANCO;8521
2014;CASTELO BRANCO;7985
2015;CASTELO BRANCO;7767
2016;CASTELO BRANCO;7236
2017;CASTELO BRANCO;7264
2018;CASTELO BRANCO;6779
2019;CASTELO BRANCO;8820
2020;CASTELO BRANCO;8544
2021;CASTELO BRANCO;8446
2022;CASTELO BRANCO;8678
2023;CASTELO BRANCO;9170
2024;CASTELO BRANCO;9499
2025;CASTELO BRANCO;9421
2010;COIMBRA;23580
2011;COIMBRA;22508
2012;COIMBRA;20702
2013;COIMBRA;19484
2014;COIMBRA;18483
2015;COIMBRA;17894
2016;COIMBRA;17329
2017;COIMBRA;17542
2018;COIMBRA;16668
2019;COIMBRA;22068
2020;COIMBRA;21574
2021;COIMBRA;21657
2022;COIMBRA;21915
2023;COIMBRA;23579
2024;COIMBRA;24724
2025;COIMBRA;24193
2010;EVORA;9548
2011;EVORA;8810
2012;EVORA;8195
2013;EVORA;7772
2014;EVORA;7494
2015;EVORA;7298
2016;EVORA;7088
2017;EVORA;7012
2018;EVORA;6537
2019;EVORA;8532
2020;EVORA;8059
2021;EVORA;7984
2022;EVORA;7922
2023;EVORA;8279
2024;EVORA;8608
2025;EVORA;8147
2010;FARO;29728
2011;FARO;28055
2012;FARO;24814
2013;FARO;23010
2014;FARO;22624
2015;FARO;22635
2016;FARO;22639
2017;FARO;23746
2018;FARO;22856
2019;FARO;32832
2020;FARO;32930
2021;FARO;33905
2022;FARO;35643
2023;FARO;39010
2024;FARO;42319
2025;FARO;41979
2010;GUARDA;10006
2011;GUARDA;9327
2012;GUARDA;8568
2013;GUARDA;8321
2014;GUARDA;7876
2015;GUARDA;7570
2016;GUARDA;7163
2017;GUARDA;7091
2018;GUARDA;6581
2019;GUARDA;8285
2020;GUARDA;7803
2021;GUARDA;7692
2022;GUARDA;7704
2023;GUARDA;7806
2024;GUARDA;7814
2025;GUARDA;7497
2010;LEIRIA;25171
2011;LEIRIA;24004
2012;LEIRIA;21611
2013;LEIRIA;19971
2014;LEIRIA;19001
2015;LEIRIA;18639
2016;LEIRIA;18056
2017;LEIRIA;18245
2018;LEIRIA;17472
2019;LEIRIA;23385
2020;LEIRIA;23374
2021;LEIRIA;23963
2022;LEIRIA;24719
2023;LEIRIA;26622
2024;LEIRIA;28981
2025;LEIRIA;28365
2010;LISBOA;111658
2011;LISBOA;111454
2012;LISBOA;100054
2013;LISBOA;92281
2014;LISBOA;89508
2015;LISBOA;89628
2016;LISBOA;91314
2017;LISBOA;95120
2018;LISBOA;91478
2019;LISBOA;133597
2020;LISBOA;138958
2021;LISBOA;141992
2022;LISBOA;146428
2023;LISBOA;162789
2024;LISBOA;176988
2025;LISBOA;172951
2010;OUTRO;612
2011;OUTRO;619
2012;OUTRO;639
2013;OUTRO;734
2014;OUTRO;1088
2015;OUTRO;1468
2016;OUTRO;1584
2017;OUTRO;1649
2018;OUTRO;1755
2019;OUTRO;2479
2020;OUTRO;2367
2021;OUTRO;2550
2022;OUTRO;2730
2023;OUTRO;2999
2024;OUTRO;3592
2025;OUTRO;3575
2010;PORTALEGRE;6435
2011;PORTALEGRE;5985
2012;PORTALEGRE;5340
2013;PORTALEGRE;4965
2014;PORTALEGRE;4789
2015;PORTALEGRE;4702
2016;PORTALEGRE;4531
2017;PORTALEGRE;4532
2018;PORTALEGRE;4267
2019;PORTALEGRE;5475
2020;PORTALEGRE;5231
2021;PORTALEGRE;5140
2022;PORTALEGRE;5151
2023;PORTALEGRE;5265
2024;PORTALEGRE;5554
2025;PORTALEGRE;5311
2010;PORTO;78174
2011;PORTO;75884
2012;PORTO;69259
2013;PORTO;64828
2014;PORTO;61860
2015;PORTO;60541
2016;PORTO;59507
2017;PORTO;60873
2018;PORTO;58065
2019;PORTO;82944
2020;PORTO;83305
2021;PORTO;84811
2022;PORTO;87758
2023;PORTO;95760
2024;PORTO;104647
2025;PORTO;103257
2010;RA ACORES;19845
2011;RA ACORES;19287
2012;RA ACORES;17695
2013;RA ACORES;16667
2014;RA ACORES;15968
2015;RA ACORES;15673
2016;RA ACORES;15285
2017;RA ACORES;15307
2018;RA ACORES;14744
2019;RA ACORES;17621
2020;RA ACORES;17288
2021;RA ACORES;17041
2022;RA ACORES;16927
2023;RA ACORES;17372
2024;RA ACORES;17465
2025;RA ACORES;17109
2010;RA MADEIRA;11244
2011;RA MADEIRA;10778
2012;RA MADEIRA;9894
2013;RA MADEIRA;9340
2014;RA MADEIRA;9027
2015;RA MADEIRA;8980
2016;RA MADEIRA;8743
2017;RA MADEIRA;9065
2018;RA MADEIRA;8610
2019;RA MADEIRA;11922
2020;RA MADEIRA;11692
2021;RA MADEIRA;11698
2022;RA MADEIRA;11890
2023;RA MADEIRA;12269
2024;RA MADEIRA;12551
2025;RA MADEIRA;12228
2010;SANTAREM;21055
2011;SANTAREM;20261
2012;SANTAREM;18378
2013;SANTAREM;16893
2014;SANTAREM;15772
2015;SANTAREM;15286
2016;SANTAREM;14904
2017;SANTAREM;14951
2018;SANTAREM;14247
2019;SANTAREM;19291
2020;SANTAREM;18912
2021;SANTAREM;19065
2022;SANTAREM;19538
2023;SANTAREM;20743
2024;SANTAREM;21757
2025;SANTAREM;21643
2010;SETUBAL;37513
2011;SETUBAL;36986
2012;SETUBAL;32630
2013;SETUBAL;30105
2014;SETUBAL;29011
2015;SETUBAL;28470
2016;SETUBAL;28533
2017;SETUBAL;29508
2018;SETUBAL;28034
2019;SETUBAL;41919
2020;SETUBAL;44439
2021;SETUBAL;46197
2022;SETUBAL;47534
2023;SETUBAL;52908
2024;SETUBAL;57642
2025;SETUBAL;57411
2010;VIANA DO CASTELO;14556
2011;VIANA DO CASTELO;14186
2012;VIANA DO CASTELO;13101
2013;VIANA DO CASTELO;12947
2014;VIANA DO CASTELO;12547
2015;VIANA DO CASTELO;12307
2016;VIANA DO CASTELO;11800
2017;VIANA DO CASTELO;11935
2018;VIANA DO CASTELO;11371
2019;VIANA DO CASTELO;15020
2020;VIANA DO CASTELO;14526
2021;VIANA DO CASTELO;14454
2022;VIANA DO CASTELO;14915
2023;VIANA DO CASTELO;15658
2024;VIANA DO CASTELO;16116
2025;VIANA DO CASTELO;15909
2010;VILA REAL;12390
2011;VILA REAL;11535
2012;VILA REAL;10685
2013;VILA REAL;11427
2014;VILA REAL;10996
2015;VILA REAL;10619
2016;VILA REAL;9910
2017;VILA REAL;9995
2018;VILA REAL;9418
2019;VILA REAL;13086
2020;VILA REAL;12535
2021;VILA REAL;12294
2022;VILA REAL;12304
2023;VILA REAL;12525
2024;VILA REAL;12643
2025;VILA REAL;12377
2010;VISEU;21628
2011;VISEU;20096
2012;VISEU;18487
2013;VISEU;18105
2014;VISEU;16897
2015;VISEU;16240
2016;VISEU;15394
2017;VISEU;15320
2018;VISEU;14448
2019;VISEU;18933
2020;VISEU;18271
2021;VISEU;18048
2022;VISEU;18381
2023;VISEU;19039
2024;VISEU;19783
2025;VISEU;19253
